machine_id,timestamp,production_count,temperature,utilization_percent,downtime_minutes,defect_count
M007,2025-01-01 00:00:00,198,68.17,89.21,13,5
M010,2025-01-01 00:01:00,178,73.24,95.74,12,2
M006,2025-01-01 00:02:00,183,73.09,92.15,18,9
M005,2025-01-01 00:03:00,65,78.16,92.06,16,5
M005,2025-01-01 00:04:00,79,63.47,75.3,12,2
M007,2025-01-01 00:05:00,100,75.57,93.81,16,1
M007,2025-01-01 00:06:00,89,63.45,86.18,2,6
M002,2025-01-01 00:07:00,86,74.39,81.98,14,10
M001,2025-01-01 00:08:00,52,70.3,71.27,13,0
M008,2025-01-01 00:09:00,98,61.0,88.96,16,4
M001,2025-01-01 00:10:00,115,75.23,96.03,2,10
M003,2025-01-01 00:11:00,105,68.41,77.76,3,0
M009,2025-01-01 00:12:00,114,60.28,88.18,19,7
M010,2025-01-01 00:13:00,97,88.45,81.08,6,9
M009,2025-01-01 00:14:00,91,63.41,72.76,0,2
M010,2025-01-01 00:15:00,168,70.69,91.99,18,4
M002,2025-01-01 00:16:00,104,87.64,71.23,12,4
M007,2025-01-01 00:17:00,83,73.75,90.36,7,5
M007,2025-01-01 00:18:00,97,85.17,74.37,8,1
M003,2025-01-01 00:19:00,168,74.94,70.42,12,5
M010,2025-01-01 00:20:00,122,60.41,70.51,18,5
M004,2025-01-01 00:21:00,75,62.85,74.99,10,8
M005,2025-01-01 00:22:00,196,66.77,80.21,6,1
M004,2025-01-01 00:23:00,152,61.58,90.7,13,7
M002,2025-01-01 00:24:00,51,75.8,94.35,20,2
M003,2025-01-01 00:25:00,143,69.55,95.54,13,0
M007,2025-01-01 00:26:00,182,83.64,96.68,14,10
M009,2025-01-01 00:27:00,108,86.42,80.74,16,2
M007,2025-01-01 00:28:00,153,65.91,82.71,7,5
M004,2025-01-01 00:29:00,67,79.45,92.77,14,8
M010,2025-01-01 00:30:00,152,73.73,87.68,14,7
M005,2025-01-01 00:31:00,123,65.03,71.41,0,8
M004,2025-01-01 00:32:00,179,66.55,84.52,8,5
M006,2025-01-01 00:33:00,82,77.91,88.65,3,8
M006,2025-01-01 00:34:00,181,67.98,86.31,8,7
M008,2025-01-01 00:35:00,57,70.67,72.37,0,10
M008,2025-01-01 00:36:00,187,78.66,70.28,3,5
M002,2025-01-01 00:37:00,179,85.57,92.88,12,5
M008,2025-01-01 00:38:00,113,65.68,96.58,12,0
M003,2025-01-01 00:39:00,151,74.15,83.84,1,6
M008,2025-01-01 00:40:00,99,87.86,84.64,4,3
M006,2025-01-01 00:41:00,72,65.53,79.29,4,5
M003,2025-01-01 00:42:00,128,83.02,95.34,4,10
M005,2025-01-01 00:43:00,58,62.67,74.54,9,5
M006,2025-01-01 00:44:00,186,80.95,98.1,0,7
M010,2025-01-01 00:45:00,56,88.8,79.33,18,1
M007,2025-01-01 00:46:00,53,69.16,80.23,15,1
M006,2025-01-01 00:47:00,142,63.58,84.37,2,6
M010,2025-01-01 00:48:00,150,67.97,91.21,16,5
M007,2025-01-01 00:49:00,89,70.34,91.2,20,2
M007,2025-01-01 00:50:00,161,88.3,84.69,11,1
M010,2025-01-01 00:51:00,58,81.82,91.43,1,5
M010,2025-01-01 00:52:00,150,78.0,77.61,11,10
M006,2025-01-01 00:53:00,86,69.34,71.87,9,6
M009,2025-01-01 00:54:00,58,78.78,93.72,3,5
M007,2025-01-01 00:55:00,180,66.88,79.63,3,2
M002,2025-01-01 00:56:00,158,73.55,76.08,12,4
M010,2025-01-01 00:57:00,194,77.47,88.09,11,10
M002,2025-01-01 00:58:00,153,73.49,83.44,15,3
M008,2025-01-01 00:59:00,180,87.76,96.79,6,1
M006,2025-01-01 01:00:00,178,83.93,98.66,11,7
M001,2025-01-01 01:01:00,176,67.98,83.41,5,0
M007,2025-01-01 01:02:00,166,71.95,77.2,3,4
M004,2025-01-01 01:03:00,161,65.95,93.02,9,2
M007,2025-01-01 01:04:00,102,80.52,80.42,16,0
M008,2025-01-01 01:05:00,88,83.85,72.92,2,0
M003,2025-01-01 01:06:00,58,75.99,72.72,0,3
M009,2025-01-01 01:07:00,72,63.3,89.84,1,0
M010,2025-01-01 01:08:00,56,70.27,93.62,10,4
M008,2025-01-01 01:09:00,103,63.42,96.01,3,10
M002,2025-01-01 01:10:00,178,73.62,81.16,19,9
M006,2025-01-01 01:11:00,192,63.7,78.93,3,4
M007,2025-01-01 01:12:00,91,60.66,74.52,14,7
M008,2025-01-01 01:13:00,59,78.26,85.82,17,6
M004,2025-01-01 01:14:00,178,79.24,73.31,5,6
M008,2025-01-01 01:15:00,130,86.56,99.43,20,9
M005,2025-01-01 01:16:00,102,79.16,83.85,15,0
M008,2025-01-01 01:17:00,50,82.21,78.38,18,1
M005,2025-01-01 01:18:00,143,72.76,78.33,11,7
M001,2025-01-01 01:19:00,90,85.26,96.56,5,5
M003,2025-01-01 01:20:00,140,83.74,87.51,19,10
M008,2025-01-01 01:21:00,151,70.44,85.54,15,5
M010,2025-01-01 01:22:00,161,85.45,97.96,0,0
M010,2025-01-01 01:23:00,88,69.42,79.98,20,9
M005,2025-01-01 01:24:00,109,67.29,82.84,18,6
M005,2025-01-01 01:25:00,117,62.15,99.21,3,7
M004,2025-01-01 01:26:00,89,67.02,84.76,15,4
M003,2025-01-01 01:27:00,115,64.36,89.45,13,3
M008,2025-01-01 01:28:00,191,67.86,73.23,14,3
M004,2025-01-01 01:29:00,182,87.83,97.87,13,0
M001,2025-01-01 01:30:00,130,60.84,93.87,14,7
M002,2025-01-01 01:31:00,68,69.2,95.93,4,3
M008,2025-01-01 01:32:00,72,85.03,97.08,13,0
M008,2025-01-01 01:33:00,78,71.18,70.85,11,3
M005,2025-01-01 01:34:00,103,68.71,80.44,10,3
M005,2025-01-01 01:35:00,73,67.77,78.57,13,1
M007,2025-01-01 01:36:00,187,62.52,81.33,11,1
M004,2025-01-01 01:37:00,165,80.21,91.72,2,0
M001,2025-01-01 01:38:00,101,74.48,87.32,14,9
M004,2025-01-01 01:39:00,95,79.4,94.56,1,2
M007,2025-01-01 01:40:00,170,79.08,85.32,3,8
M008,2025-01-01 01:41:00,178,84.24,77.74,5,5
M002,2025-01-01 01:42:00,200,60.97,85.07,12,10
M009,2025-01-01 01:43:00,87,65.36,70.88,10,8
M003,2025-01-01 01:44:00,90,87.96,81.48,4,3
M001,2025-01-01 01:45:00,150,61.95,90.23,5,2
M002,2025-01-01 01:46:00,167,73.94,82.94,0,3
M007,2025-01-01 01:47:00,69,64.83,86.0,11,3
M002,2025-01-01 01:48:00,111,69.17,85.69,19,4
M007,2025-01-01 01:49:00,138,65.46,78.38,14,9
M005,2025-01-01 01:50:00,98,74.44,91.2,5,8
M010,2025-01-01 01:51:00,177,62.69,82.71,14,2
M005,2025-01-01 01:52:00,105,68.11,83.02,9,8
M002,2025-01-01 01:53:00,67,83.31,74.9,0,9
M008,2025-01-01 01:54:00,93,67.93,73.16,8,6
M006,2025-01-01 01:55:00,130,76.08,77.16,19,9
M004,2025-01-01 01:56:00,93,69.27,99.82,6,1
M010,2025-01-01 01:57:00,90,77.82,91.53,15,9
M009,2025-01-01 01:58:00,191,62.5,93.14,19,9
M004,2025-01-01 01:59:00,200,87.41,76.38,19,10
M008,2025-01-01 02:00:00,151,67.76,97.07,15,10
M008,2025-01-01 02:01:00,80,64.63,72.04,8,6
M003,2025-01-01 02:02:00,50,87.26,74.47,11,8
M009,2025-01-01 02:03:00,188,71.13,78.85,20,2
M007,2025-01-01 02:04:00,119,87.17,92.43,12,8
M005,2025-01-01 02:05:00,81,73.53,70.64,10,7
M004,2025-01-01 02:06:00,118,68.35,88.84,5,10
M007,2025-01-01 02:07:00,126,75.35,86.16,19,8
M010,2025-01-01 02:08:00,55,77.99,92.86,16,10
M003,2025-01-01 02:09:00,183,61.96,70.07,5,2
M008,2025-01-01 02:10:00,130,77.02,80.32,5,10
M007,2025-01-01 02:11:00,148,73.7,95.4,13,0
M006,2025-01-01 02:12:00,117,61.38,88.14,18,7
M005,2025-01-01 02:13:00,128,65.01,73.07,0,4
M009,2025-01-01 02:14:00,194,68.06,78.22,9,4
M002,2025-01-01 02:15:00,154,83.8,76.88,15,4
M004,2025-01-01 02:16:00,68,88.12,74.19,2,5
M008,2025-01-01 02:17:00,62,76.84,90.83,20,0
M006,2025-01-01 02:18:00,107,67.23,79.23,10,5
M004,2025-01-01 02:19:00,142,84.35,77.16,7,10
M009,2025-01-01 02:20:00,66,67.85,94.29,6,5
M010,2025-01-01 02:21:00,75,61.69,92.51,5,6
M010,2025-01-01 02:22:00,158,78.12,76.43,8,0
M008,2025-01-01 02:23:00,103,72.15,91.08,18,8
M008,2025-01-01 02:24:00,151,65.93,75.93,9,8
M006,2025-01-01 02:25:00,182,72.84,81.97,15,8
M007,2025-01-01 02:26:00,151,60.69,95.77,9,2
M001,2025-01-01 02:27:00,133,86.28,97.47,11,6
M003,2025-01-01 02:28:00,125,80.59,79.99,2,10
M003,2025-01-01 02:29:00,89,69.39,91.45,20,7
M003,2025-01-01 02:30:00,166,65.55,82.21,6,5
M009,2025-01-01 02:31:00,71,85.81,88.23,19,7
M008,2025-01-01 02:32:00,135,88.77,71.56,19,10
M010,2025-01-01 02:33:00,200,87.3,73.92,15,9
M007,2025-01-01 02:34:00,69,61.13,98.19,1,6
M008,2025-01-01 02:35:00,128,83.79,93.09,3,3
M004,2025-01-01 02:36:00,197,63.03,78.34,5,5
M010,2025-01-01 02:37:00,135,68.71,72.82,16,8
M009,2025-01-01 02:38:00,136,77.16,92.05,9,10
M002,2025-01-01 02:39:00,87,62.57,84.24,7,0
M003,2025-01-01 02:40:00,146,81.29,92.19,12,5
M001,2025-01-01 02:41:00,149,77.6,83.3,7,5
M005,2025-01-01 02:42:00,80,64.57,80.4,12,6
M002,2025-01-01 02:43:00,66,88.71,96.9,12,4
M010,2025-01-01 02:44:00,85,63.12,83.97,15,9
M006,2025-01-01 02:45:00,172,84.01,92.83,9,5
M002,2025-01-01 02:46:00,114,74.59,89.76,13,5
M009,2025-01-01 02:47:00,67,62.39,81.96,5,2
M001,2025-01-01 02:48:00,106,85.21,83.5,16,6
M004,2025-01-01 02:49:00,100,68.32,95.92,13,2
M002,2025-01-01 02:50:00,54,87.1,97.39,14,0
M006,2025-01-01 02:51:00,188,87.05,90.68,11,9
M006,2025-01-01 02:52:00,134,62.47,95.0,19,1
M010,2025-01-01 02:53:00,107,78.56,96.67,6,4
M005,2025-01-01 02:54:00,108,88.38,91.97,7,7
M006,2025-01-01 02:55:00,75,83.93,85.12,13,5
M009,2025-01-01 02:56:00,175,73.54,71.36,12,10
M001,2025-01-01 02:57:00,50,77.41,85.75,5,4
M010,2025-01-01 02:58:00,81,78.49,81.71,19,8
M008,2025-01-01 02:59:00,90,87.79,72.12,9,6
M002,2025-01-01 03:00:00,73,63.2,77.74,18,3
M002,2025-01-01 03:01:00,74,85.76,73.3,4,7
M005,2025-01-01 03:02:00,168,76.84,91.12,2,5
M002,2025-01-01 03:03:00,161,89.13,98.32,11,7
M001,2025-01-01 03:04:00,138,61.84,84.77,10,3
M005,2025-01-01 03:05:00,98,71.47,93.16,15,8
M003,2025-01-01 03:06:00,145,61.22,88.54,9,10
M006,2025-01-01 03:07:00,150,87.78,82.04,10,7
M003,2025-01-01 03:08:00,176,62.32,96.94,8,2
M002,2025-01-01 03:09:00,126,68.29,86.27,16,8
M004,2025-01-01 03:10:00,137,83.34,71.02,18,2
M001,2025-01-01 03:11:00,59,81.1,96.56,18,10
M003,2025-01-01 03:12:00,139,75.5,73.9,8,1
M009,2025-01-01 03:13:00,148,87.21,72.61,19,8
M004,2025-01-01 03:14:00,59,86.82,75.57,6,7
M008,2025-01-01 03:15:00,189,66.79,92.37,10,8
M002,2025-01-01 03:16:00,164,78.69,89.1,16,2
M002,2025-01-01 03:17:00,62,72.55,99.85,0,8
M001,2025-01-01 03:18:00,161,76.96,72.63,17,10
M003,2025-01-01 03:19:00,191,60.37,84.42,9,9
M009,2025-01-01 03:20:00,189,69.26,80.87,16,9
M001,2025-01-01 03:21:00,51,64.36,80.38,9,5
M009,2025-01-01 03:22:00,104,70.47,85.97,10,2
M008,2025-01-01 03:23:00,181,71.52,99.28,14,9
M009,2025-01-01 03:24:00,167,77.67,71.43,7,3
M006,2025-01-01 03:25:00,122,87.37,92.0,2,3
M001,2025-01-01 03:26:00,162,86.86,74.91,2,6
M002,2025-01-01 03:27:00,155,65.85,81.77,15,0
M009,2025-01-01 03:28:00,90,75.13,98.22,18,4
M007,2025-01-01 03:29:00,127,81.45,80.42,9,9
M007,2025-01-01 03:30:00,63,78.35,74.84,12,8
M003,2025-01-01 03:31:00,134,78.94,76.45,15,0
M001,2025-01-01 03:32:00,70,67.83,94.12,12,1
M007,2025-01-01 03:33:00,99,80.31,93.25,11,8
M004,2025-01-01 03:34:00,97,75.33,86.0,2,2
M005,2025-01-01 03:35:00,125,75.74,97.85,5,9
M002,2025-01-01 03:36:00,186,68.54,99.59,8,6
M003,2025-01-01 03:37:00,150,60.93,81.6,0,4
M001,2025-01-01 03:38:00,170,89.87,80.05,7,6
M002,2025-01-01 03:39:00,164,83.46,94.59,4,0
M003,2025-01-01 03:40:00,104,86.57,74.98,7,1
M007,2025-01-01 03:41:00,58,87.27,98.78,17,5
M008,2025-01-01 03:42:00,171,67.67,97.9,6,8
M004,2025-01-01 03:43:00,172,61.93,77.86,19,0
M010,2025-01-01 03:44:00,188,72.76,81.35,17,0
M005,2025-01-01 03:45:00,166,62.54,77.24,0,3
M001,2025-01-01 03:46:00,75,89.99,82.91,16,6
M009,2025-01-01 03:47:00,59,81.26,84.21,2,9
M010,2025-01-01 03:48:00,133,71.77,84.86,20,3
M003,2025-01-01 03:49:00,56,85.78,94.14,5,2
M001,2025-01-01 03:50:00,113,67.28,99.54,8,3
M005,2025-01-01 03:51:00,78,66.84,97.18,14,6
M009,2025-01-01 03:52:00,101,66.64,83.51,9,10
M009,2025-01-01 03:53:00,127,74.67,72.76,6,5
M008,2025-01-01 03:54:00,109,78.48,75.09,18,8
M002,2025-01-01 03:55:00,97,85.53,75.41,1,3
M007,2025-01-01 03:56:00,155,71.84,86.48,19,8
M004,2025-01-01 03:57:00,176,62.4,90.69,0,8
M001,2025-01-01 03:58:00,144,73.89,85.99,9,6
M002,2025-01-01 03:59:00,173,80.92,83.6,1,6
M007,2025-01-01 04:00:00,159,61.82,86.46,10,1
M007,2025-01-01 04:01:00,53,86.72,84.14,15,3
M006,2025-01-01 04:02:00,137,78.4,73.82,15,7
M010,2025-01-01 04:03:00,164,71.85,85.56,14,9
M003,2025-01-01 04:04:00,57,84.07,90.93,8,2
M001,2025-01-01 04:05:00,115,72.02,85.16,13,3
M009,2025-01-01 04:06:00,83,74.65,92.66,9,8
M005,2025-01-01 04:07:00,107,83.68,78.61,9,0
M009,2025-01-01 04:08:00,81,87.55,78.76,9,4
M006,2025-01-01 04:09:00,158,80.0,77.01,5,1
M002,2025-01-01 04:10:00,198,86.01,97.69,17,6
M001,2025-01-01 04:11:00,95,69.66,92.69,16,5
M005,2025-01-01 04:12:00,53,77.49,71.08,9,3
M001,2025-01-01 04:13:00,194,84.12,84.49,9,9
M002,2025-01-01 04:14:00,106,63.76,90.43,10,1
M007,2025-01-01 04:15:00,137,87.6,84.47,2,3
M004,2025-01-01 04:16:00,89,69.37,90.12,3,3
M005,2025-01-01 04:17:00,174,70.74,96.4,11,10
M002,2025-01-01 04:18:00,79,65.95,73.84,11,5
M008,2025-01-01 04:19:00,92,82.31,83.98,9,8
M002,2025-01-01 04:20:00,81,68.4,74.76,7,7
M005,2025-01-01 04:21:00,125,69.01,86.99,3,4
M009,2025-01-01 04:22:00,134,68.11,92.06,13,5
M006,2025-01-01 04:23:00,198,76.84,72.58,18,2
M001,2025-01-01 04:24:00,50,69.37,79.07,16,6
M008,2025-01-01 04:25:00,130,88.81,76.83,0,2
M006,2025-01-01 04:26:00,161,87.87,96.21,19,5
M002,2025-01-01 04:27:00,194,86.89,79.25,0,3
M005,2025-01-01 04:28:00,189,64.49,92.96,12,3
M007,2025-01-01 04:29:00,124,71.07,76.05,17,5
M003,2025-01-01 04:30:00,76,78.09,98.0,7,1
M001,2025-01-01 04:31:00,148,60.25,87.67,12,5
M008,2025-01-01 04:32:00,180,77.37,91.96,9,5
M002,2025-01-01 04:33:00,122,82.71,94.31,7,3
M003,2025-01-01 04:34:00,130,74.63,90.02,19,1
M003,2025-01-01 04:35:00,56,88.83,70.21,16,9
M006,2025-01-01 04:36:00,73,66.42,94.89,7,6
M001,2025-01-01 04:37:00,178,88.99,97.35,10,7
M008,2025-01-01 04:38:00,152,87.52,76.33,20,2
M003,2025-01-01 04:39:00,120,86.73,84.75,7,6
M009,2025-01-01 04:40:00,103,79.1,90.7,1,1
M006,2025-01-01 04:41:00,181,60.87,94.51,11,4
M006,2025-01-01 04:42:00,68,60.77,98.8,18,5
M001,2025-01-01 04:43:00,95,82.65,93.16,15,3
M001,2025-01-01 04:44:00,135,77.84,95.17,15,7
M003,2025-01-01 04:45:00,149,72.81,77.37,14,4
M006,2025-01-01 04:46:00,83,89.8,93.35,9,6
M002,2025-01-01 04:47:00,199,85.04,93.93,18,0
M003,2025-01-01 04:48:00,136,78.93,76.55,0,5
M010,2025-01-01 04:49:00,102,89.2,96.75,4,8
M004,2025-01-01 04:50:00,91,75.21,98.4,10,5
M006,2025-01-01 04:51:00,160,84.36,78.28,0,3
M009,2025-01-01 04:52:00,106,89.77,98.17,14,1
M006,2025-01-01 04:53:00,107,78.03,74.06,13,1
M003,2025-01-01 04:54:00,62,63.42,94.06,6,3
M010,2025-01-01 04:55:00,174,61.02,99.29,0,0
M010,2025-01-01 04:56:00,73,88.92,78.66,4,5
M009,2025-01-01 04:57:00,67,84.65,96.56,19,6
M002,2025-01-01 04:58:00,171,62.9,95.72,11,6
M010,2025-01-01 04:59:00,115,87.03,92.46,9,0
M008,2025-01-01 05:00:00,84,78.83,82.8,14,8
M008,2025-01-01 05:01:00,61,75.23,83.29,9,2
M005,2025-01-01 05:02:00,69,89.08,97.62,2,10
M004,2025-01-01 05:03:00,146,88.31,72.68,5,0
M003,2025-01-01 05:04:00,75,79.45,94.27,17,0
M004,2025-01-01 05:05:00,144,78.97,94.67,11,10
M008,2025-01-01 05:06:00,58,80.05,96.93,16,5
M004,2025-01-01 05:07:00,80,63.3,75.09,13,7
M006,2025-01-01 05:08:00,64,85.12,70.98,7,9
M002,2025-01-01 05:09:00,106,70.67,87.66,2,7
M001,2025-01-01 05:10:00,197,89.48,94.42,5,7
M003,2025-01-01 05:11:00,86,77.39,83.12,19,1
M004,2025-01-01 05:12:00,50,65.64,92.32,15,5
M001,2025-01-01 05:13:00,155,76.11,74.28,17,7
M001,2025-01-01 05:14:00,74,68.69,98.41,14,1
M009,2025-01-01 05:15:00,189,79.82,97.62,6,2
M002,2025-01-01 05:16:00,158,84.03,75.47,0,6
M006,2025-01-01 05:17:00,92,81.61,70.16,4,9
M003,2025-01-01 05:18:00,165,85.83,81.74,6,4
M005,2025-01-01 05:19:00,130,80.93,93.18,10,6
M007,2025-01-01 05:20:00,77,83.53,72.25,16,10
M007,2025-01-01 05:21:00,106,84.03,75.94,10,9
M005,2025-01-01 05:22:00,179,87.03,93.57,3,4
M005,2025-01-01 05:23:00,141,69.66,75.2,1,0
M001,2025-01-01 05:24:00,67,83.47,88.21,18,1
M010,2025-01-01 05:25:00,158,88.11,76.01,13,0
M006,2025-01-01 05:26:00,160,60.67,85.91,8,9
M009,2025-01-01 05:27:00,92,67.48,93.14,20,6
M007,2025-01-01 05:28:00,109,76.5,74.74,11,9
M010,2025-01-01 05:29:00,128,88.77,77.68,20,7
M006,2025-01-01 05:30:00,152,72.03,80.5,10,9
M001,2025-01-01 05:31:00,88,77.35,76.88,4,6
M005,2025-01-01 05:32:00,154,74.73,84.01,11,8
M006,2025-01-01 05:33:00,168,71.91,79.29,12,0
M001,2025-01-01 05:34:00,197,72.28,75.23,4,2
M010,2025-01-01 05:35:00,139,74.91,87.36,2,5
M005,2025-01-01 05:36:00,165,77.04,84.55,6,10
M006,2025-01-01 05:37:00,132,77.13,98.46,0,0
M006,2025-01-01 05:38:00,115,61.33,76.68,2,7
M003,2025-01-01 05:39:00,185,87.61,73.04,9,9
M006,2025-01-01 05:40:00,140,63.9,79.19,7,3
M009,2025-01-01 05:41:00,178,65.51,82.47,19,6
M009,2025-01-01 05:42:00,156,72.69,75.11,3,3
M006,2025-01-01 05:43:00,183,76.66,76.97,1,9
M008,2025-01-01 05:44:00,177,66.99,72.12,9,0
M010,2025-01-01 05:45:00,153,86.4,74.92,20,9
M004,2025-01-01 05:46:00,108,84.8,77.69,1,1
M003,2025-01-01 05:47:00,62,78.55,93.66,5,7
M009,2025-01-01 05:48:00,117,80.81,79.02,17,6
M002,2025-01-01 05:49:00,84,81.9,74.9,2,2
M002,2025-01-01 05:50:00,102,73.03,72.2,10,3
M010,2025-01-01 05:51:00,131,79.92,80.11,3,6
M010,2025-01-01 05:52:00,100,74.37,96.21,16,7
M002,2025-01-01 05:53:00,144,86.38,95.14,17,2
M001,2025-01-01 05:54:00,63,63.03,78.2,1,9
M003,2025-01-01 05:55:00,50,74.61,89.38,13,7
M006,2025-01-01 05:56:00,123,82.0,78.66,6,6
M001,2025-01-01 05:57:00,86,70.39,90.51,10,9
M009,2025-01-01 05:58:00,86,65.12,72.92,12,9
M008,2025-01-01 05:59:00,178,66.9,86.52,11,2
M002,2025-01-01 06:00:00,67,85.5,96.27,5,4
M001,2025-01-01 06:01:00,173,82.68,72.49,6,3
M002,2025-01-01 06:02:00,172,87.13,94.05,17,3
M004,2025-01-01 06:03:00,161,82.21,83.16,3,1
M009,2025-01-01 06:04:00,140,69.25,98.62,18,9
M009,2025-01-01 06:05:00,100,61.87,90.64,5,10
M010,2025-01-01 06:06:00,164,78.98,83.43,20,2
M002,2025-01-01 06:07:00,154,77.74,95.74,16,3
M004,2025-01-01 06:08:00,56,80.25,93.03,1,6
M005,2025-01-01 06:09:00,97,81.17,91.55,13,10
M004,2025-01-01 06:10:00,81,87.38,76.63,1,0
M007,2025-01-01 06:11:00,196,61.12,92.34,5,5
M004,2025-01-01 06:12:00,153,89.67,72.1,6,6
M008,2025-01-01 06:13:00,134,87.49,70.44,17,4
M003,2025-01-01 06:14:00,174,80.25,72.77,9,5
M009,2025-01-01 06:15:00,162,60.08,86.87,5,5
M001,2025-01-01 06:16:00,189,81.99,92.13,2,7
M007,2025-01-01 06:17:00,56,71.75,72.13,2,6
M007,2025-01-01 06:18:00,93,74.31,70.45,5,3
M008,2025-01-01 06:19:00,195,65.63,72.29,18,4
M004,2025-01-01 06:20:00,98,72.57,84.17,9,9
M007,2025-01-01 06:21:00,122,63.9,81.47,12,4
M001,2025-01-01 06:22:00,189,78.87,96.12,18,1
M005,2025-01-01 06:23:00,177,73.1,74.26,13,7
M001,2025-01-01 06:24:00,139,65.42,98.41,14,2
M004,2025-01-01 06:25:00,142,67.81,91.33,1,5
M007,2025-01-01 06:26:00,85,78.47,75.65,1,1
M001,2025-01-01 06:27:00,160,81.87,84.94,4,5
M003,2025-01-01 06:28:00,195,85.62,91.96,11,10
M003,2025-01-01 06:29:00,83,71.58,98.77,4,2
M005,2025-01-01 06:30:00,197,76.76,70.07,9,10
M001,2025-01-01 06:31:00,184,89.9,99.11,10,4
M001,2025-01-01 06:32:00,151,68.47,78.08,11,10
M008,2025-01-01 06:33:00,91,88.4,74.44,10,9
M006,2025-01-01 06:34:00,155,61.44,84.43,5,5
M009,2025-01-01 06:35:00,110,68.25,96.36,11,2
M010,2025-01-01 06:36:00,51,60.38,82.55,13,9
M009,2025-01-01 06:37:00,127,67.78,71.66,19,2
M001,2025-01-01 06:38:00,128,80.73,72.4,10,7
M006,2025-01-01 06:39:00,91,67.16,95.5,15,10
M004,2025-01-01 06:40:00,191,67.99,83.34,0,5
M007,2025-01-01 06:41:00,173,72.51,89.52,9,0
M005,2025-01-01 06:42:00,142,78.41,86.21,15,10
M001,2025-01-01 06:43:00,132,66.19,77.81,16,3
M001,2025-01-01 06:44:00,91,62.49,81.84,19,7
M007,2025-01-01 06:45:00,158,68.87,99.26,13,1
M009,2025-01-01 06:46:00,67,67.51,71.87,6,2
M006,2025-01-01 06:47:00,75,88.61,80.78,19,3
M002,2025-01-01 06:48:00,87,77.46,90.7,7,5
M010,2025-01-01 06:49:00,165,64.6,76.12,17,3
M003,2025-01-01 06:50:00,184,79.95,78.29,2,6
M010,2025-01-01 06:51:00,187,72.18,92.67,13,10
M007,2025-01-01 06:52:00,95,67.56,72.12,17,10
M008,2025-01-01 06:53:00,113,83.5,74.01,19,9
M009,2025-01-01 06:54:00,87,89.82,73.82,10,8
M003,2025-01-01 06:55:00,127,65.32,94.79,6,10
M008,2025-01-01 06:56:00,138,80.87,99.57,18,7
M009,2025-01-01 06:57:00,147,67.42,73.21,9,9
M003,2025-01-01 06:58:00,152,75.07,86.6,7,2
M007,2025-01-01 06:59:00,63,78.46,85.51,13,7
M005,2025-01-01 07:00:00,85,68.64,77.12,1,2
M003,2025-01-01 07:01:00,58,86.59,82.28,15,3
M009,2025-01-01 07:02:00,87,74.75,95.76,4,1
M001,2025-01-01 07:03:00,138,83.73,84.96,19,8
M009,2025-01-01 07:04:00,82,71.91,93.9,17,7
M003,2025-01-01 07:05:00,63,89.92,79.77,10,8
M010,2025-01-01 07:06:00,162,73.31,81.68,20,8
M002,2025-01-01 07:07:00,62,78.09,80.35,9,8
M002,2025-01-01 07:08:00,56,85.58,70.68,16,1
M009,2025-01-01 07:09:00,128,76.68,93.67,0,0
M008,2025-01-01 07:10:00,83,83.3,87.65,0,10
M007,2025-01-01 07:11:00,102,68.21,98.83,20,0
M001,2025-01-01 07:12:00,117,86.62,81.27,17,5
M004,2025-01-01 07:13:00,174,82.73,79.63,1,2
M010,2025-01-01 07:14:00,181,66.08,78.71,20,2
M002,2025-01-01 07:15:00,108,84.45,73.68,20,7
M008,2025-01-01 07:16:00,90,87.51,90.02,17,9
M008,2025-01-01 07:17:00,177,75.58,89.91,10,5
M007,2025-01-01 07:18:00,130,69.01,72.55,12,9
M008,2025-01-01 07:19:00,78,78.65,98.04,4,5
M010,2025-01-01 07:20:00,76,87.64,76.24,17,4
M003,2025-01-01 07:21:00,98,82.08,70.7,19,4
M004,2025-01-01 07:22:00,101,88.29,78.57,1,3
M007,2025-01-01 07:23:00,79,85.0,71.9,5,10
M005,2025-01-01 07:24:00,133,87.63,82.68,13,10
M004,2025-01-01 07:25:00,121,76.55,72.57,11,9
M004,2025-01-01 07:26:00,56,73.45,84.04,12,3
M008,2025-01-01 07:27:00,56,80.75,88.12,12,1
M008,2025-01-01 07:28:00,70,88.59,71.64,7,6
M001,2025-01-01 07:29:00,166,75.97,83.79,17,10
M008,2025-01-01 07:30:00,108,73.16,75.17,6,3
M006,2025-01-01 07:31:00,111,81.28,77.32,12,7
M009,2025-01-01 07:32:00,194,68.08,95.72,8,7
M002,2025-01-01 07:33:00,111,73.92,94.59,1,10
M008,2025-01-01 07:34:00,71,76.93,88.82,2,9
M004,2025-01-01 07:35:00,183,68.74,85.1,7,2
M006,2025-01-01 07:36:00,83,60.01,89.66,9,5
M010,2025-01-01 07:37:00,50,83.57,86.0,16,9
M009,2025-01-01 07:38:00,105,87.97,98.17,7,4
M008,2025-01-01 07:39:00,167,82.67,94.36,8,6
M002,2025-01-01 07:40:00,51,76.5,98.02,9,1
M008,2025-01-01 07:41:00,104,69.19,74.57,8,7
M003,2025-01-01 07:42:00,100,66.75,97.68,8,3
M004,2025-01-01 07:43:00,180,89.05,81.14,20,8
M007,2025-01-01 07:44:00,121,80.67,85.74,17,6
M010,2025-01-01 07:45:00,135,84.71,77.81,15,4
M004,2025-01-01 07:46:00,73,85.59,84.7,16,3
M003,2025-01-01 07:47:00,157,77.71,87.0,6,9
M007,2025-01-01 07:48:00,180,65.98,92.38,16,9
M008,2025-01-01 07:49:00,157,67.08,98.14,8,1
M001,2025-01-01 07:50:00,99,72.07,74.34,10,1
M006,2025-01-01 07:51:00,197,77.12,97.46,7,4
M002,2025-01-01 07:52:00,52,64.22,81.13,9,7
M002,2025-01-01 07:53:00,123,71.97,71.4,2,3
M008,2025-01-01 07:54:00,91,74.57,89.05,11,6
M010,2025-01-01 07:55:00,140,80.22,97.99,19,6
M010,2025-01-01 07:56:00,117,61.71,92.64,20,0
M005,2025-01-01 07:57:00,74,74.01,83.23,6,0
M004,2025-01-01 07:58:00,80,70.55,99.75,15,9
M001,2025-01-01 07:59:00,112,73.26,90.38,11,3
M002,2025-01-01 08:00:00,121,80.98,70.81,18,2
M010,2025-01-01 08:01:00,119,71.99,89.68,12,8
M001,2025-01-01 08:02:00,79,66.63,70.09,18,7
M002,2025-01-01 08:03:00,136,68.71,86.09,17,7
M006,2025-01-01 08:04:00,62,80.52,97.28,10,6
M003,2025-01-01 08:05:00,149,74.65,96.63,16,8
M006,2025-01-01 08:06:00,137,63.89,94.08,2,10
M002,2025-01-01 08:07:00,189,76.07,79.0,0,8
M010,2025-01-01 08:08:00,142,86.26,94.21,7,1
M007,2025-01-01 08:09:00,172,71.08,91.9,19,5
M008,2025-01-01 08:10:00,123,88.5,93.83,8,2
M004,2025-01-01 08:11:00,171,76.56,90.45,0,5
M003,2025-01-01 08:12:00,129,74.37,83.61,6,7
M009,2025-01-01 08:13:00,155,78.47,79.12,3,1
M006,2025-01-01 08:14:00,102,63.83,76.15,9,6
M005,2025-01-01 08:15:00,200,69.96,90.84,8,2
M003,2025-01-01 08:16:00,194,67.9,86.24,19,9
M004,2025-01-01 08:17:00,175,71.97,94.56,10,2
M007,2025-01-01 08:18:00,119,80.24,75.28,16,9
M004,2025-01-01 08:19:00,96,62.19,83.03,20,5
M005,2025-01-01 08:20:00,114,75.95,81.19,15,5
M004,2025-01-01 08:21:00,177,62.43,83.13,17,10
M002,2025-01-01 08:22:00,161,69.68,75.82,20,7
M008,2025-01-01 08:23:00,68,82.5,78.68,1,0
M001,2025-01-01 08:24:00,59,77.01,82.39,2,3
M004,2025-01-01 08:25:00,185,81.16,76.02,6,7
M005,2025-01-01 08:26:00,50,67.88,87.83,2,9
M005,2025-01-01 08:27:00,83,62.9,82.19,11,3
M010,2025-01-01 08:28:00,188,61.01,90.47,16,5
M003,2025-01-01 08:29:00,85,81.23,95.3,15,4
M005,2025-01-01 08:30:00,128,71.82,71.09,13,7
M004,2025-01-01 08:31:00,123,76.85,70.06,11,1
M002,2025-01-01 08:32:00,109,71.86,76.18,9,3
M002,2025-01-01 08:33:00,78,86.01,92.0,16,10
M008,2025-01-01 08:34:00,167,78.23,81.61,13,0
M003,2025-01-01 08:35:00,145,63.28,97.33,11,2
M008,2025-01-01 08:36:00,95,74.5,98.52,14,3
M010,2025-01-01 08:37:00,141,64.97,75.48,10,1
M006,2025-01-01 08:38:00,185,62.66,77.37,10,1
M005,2025-01-01 08:39:00,99,61.41,76.38,7,5
M007,2025-01-01 08:40:00,157,69.41,74.63,19,9
M007,2025-01-01 08:41:00,199,80.06,74.92,19,7
M005,2025-01-01 08:42:00,80,63.26,92.16,18,7
M008,2025-01-01 08:43:00,190,65.04,99.5,5,5
M009,2025-01-01 08:44:00,119,65.82,92.23,8,6
M005,2025-01-01 08:45:00,162,88.02,81.12,17,4
M009,2025-01-01 08:46:00,53,77.28,75.1,8,9
M002,2025-01-01 08:47:00,123,80.95,81.37,14,6
M002,2025-01-01 08:48:00,83,74.25,75.73,12,7
M004,2025-01-01 08:49:00,185,84.99,73.05,6,3
M009,2025-01-01 08:50:00,112,63.73,72.73,14,9
M004,2025-01-01 08:51:00,84,67.18,72.66,10,9
M002,2025-01-01 08:52:00,137,60.64,81.95,15,3
M003,2025-01-01 08:53:00,161,75.21,98.65,16,5
M006,2025-01-01 08:54:00,164,74.04,88.17,4,2
M010,2025-01-01 08:55:00,165,87.05,95.99,12,7
M003,2025-01-01 08:56:00,146,80.78,86.87,5,3
M008,2025-01-01 08:57:00,122,83.07,88.11,16,2
M007,2025-01-01 08:58:00,67,61.21,79.11,9,0
M009,2025-01-01 08:59:00,111,85.75,95.0,0,7
M006,2025-01-01 09:00:00,144,83.97,98.84,3,5
M002,2025-01-01 09:01:00,68,70.15,90.65,20,3
M003,2025-01-01 09:02:00,60,86.92,87.9,15,8
M006,2025-01-01 09:03:00,143,73.87,94.99,20,10
M005,2025-01-01 09:04:00,100,86.32,72.21,2,10
M010,2025-01-01 09:05:00,184,82.05,91.36,10,4
M006,2025-01-01 09:06:00,70,88.89,87.68,11,1
M003,2025-01-01 09:07:00,168,86.28,76.03,16,10
M004,2025-01-01 09:08:00,95,69.2,99.1,16,9
M005,2025-01-01 09:09:00,139,72.9,98.69,11,4
M007,2025-01-01 09:10:00,52,69.15,90.92,5,0
M006,2025-01-01 09:11:00,156,82.82,80.24,10,1
M003,2025-01-01 09:12:00,183,66.81,81.36,1,2
M002,2025-01-01 09:13:00,59,77.13,81.6,6,10
M010,2025-01-01 09:14:00,144,76.76,79.47,19,1
M008,2025-01-01 09:15:00,169,80.33,94.66,9,5
M006,2025-01-01 09:16:00,51,64.87,86.28,7,6
M002,2025-01-01 09:17:00,190,67.82,88.08,7,6
M006,2025-01-01 09:18:00,120,82.91,90.58,17,2
M007,2025-01-01 09:19:00,199,63.1,86.62,14,1
M002,2025-01-01 09:20:00,153,66.55,98.22,20,9
M001,2025-01-01 09:21:00,80,66.1,88.26,19,4
M003,2025-01-01 09:22:00,173,89.8,72.57,17,3
M009,2025-01-01 09:23:00,200,74.41,81.55,13,5
M009,2025-01-01 09:24:00,118,76.02,78.0,10,9
M009,2025-01-01 09:25:00,89,84.87,98.87,18,1
M002,2025-01-01 09:26:00,151,63.03,85.25,7,10
M008,2025-01-01 09:27:00,71,60.08,95.66,19,6
M004,2025-01-01 09:28:00,102,81.52,89.7,4,5
M005,2025-01-01 09:29:00,178,73.0,90.34,16,7
M009,2025-01-01 09:30:00,182,62.76,72.9,17,5
M008,2025-01-01 09:31:00,142,85.45,98.61,17,2
M006,2025-01-01 09:32:00,108,89.34,81.34,19,4
M007,2025-01-01 09:33:00,147,62.86,99.09,1,8
M010,2025-01-01 09:34:00,87,83.11,90.67,13,7
M002,2025-01-01 09:35:00,163,60.69,92.44,5,1
M002,2025-01-01 09:36:00,75,81.55,90.89,8,7
M001,2025-01-01 09:37:00,76,66.29,73.47,7,3
M008,2025-01-01 09:38:00,86,78.21,91.17,15,4
M002,2025-01-01 09:39:00,147,71.24,99.86,20,2
M009,2025-01-01 09:40:00,178,60.14,91.13,0,0
M008,2025-01-01 09:41:00,63,60.89,86.61,6,9
M001,2025-01-01 09:42:00,155,72.12,87.8,2,7
M003,2025-01-01 09:43:00,73,79.22,88.09,9,5
M006,2025-01-01 09:44:00,143,79.15,84.57,2,0
M006,2025-01-01 09:45:00,52,74.62,87.57,12,7
M010,2025-01-01 09:46:00,197,86.42,73.19,8,1
M007,2025-01-01 09:47:00,115,85.18,95.65,14,1
M007,2025-01-01 09:48:00,146,74.52,75.65,1,5
M006,2025-01-01 09:49:00,161,65.74,86.3,18,5
M005,2025-01-01 09:50:00,151,80.91,89.69,1,8
M006,2025-01-01 09:51:00,114,81.74,72.31,19,5
M003,2025-01-01 09:52:00,68,85.51,74.76,20,2
M010,2025-01-01 09:53:00,189,75.73,93.64,3,0
M003,2025-01-01 09:54:00,157,82.4,91.55,5,2
M010,2025-01-01 09:55:00,184,71.34,81.83,0,6
M005,2025-01-01 09:56:00,142,73.16,93.96,7,0
M010,2025-01-01 09:57:00,52,86.8,79.66,11,7
M009,2025-01-01 09:58:00,147,84.64,74.06,20,7
M010,2025-01-01 09:59:00,101,78.02,75.32,20,7
M009,2025-01-01 10:00:00,97,69.76,83.92,16,9
M006,2025-01-01 10:01:00,193,89.51,96.54,12,9
M003,2025-01-01 10:02:00,175,83.35,76.89,14,3
M004,2025-01-01 10:03:00,76,85.5,80.43,9,3
M004,2025-01-01 10:04:00,113,60.6,85.56,10,1
M008,2025-01-01 10:05:00,130,86.74,84.48,10,9
M005,2025-01-01 10:06:00,153,67.76,95.37,18,9
M009,2025-01-01 10:07:00,183,62.61,87.36,9,1
M006,2025-01-01 10:08:00,168,82.04,83.69,7,3
M008,2025-01-01 10:09:00,179,89.17,70.78,11,2
M007,2025-01-01 10:10:00,130,86.24,80.76,11,10
M007,2025-01-01 10:11:00,171,73.27,96.71,1,9
M009,2025-01-01 10:12:00,151,89.14,76.87,13,1
M001,2025-01-01 10:13:00,170,85.57,86.58,8,9
M004,2025-01-01 10:14:00,91,63.46,86.93,16,1
M005,2025-01-01 10:15:00,153,86.6,85.97,8,10
M003,2025-01-01 10:16:00,97,79.14,82.82,12,5
M003,2025-01-01 10:17:00,197,89.51,81.45,8,0
M007,2025-01-01 10:18:00,174,79.73,93.85,13,9
M005,2025-01-01 10:19:00,170,76.29,89.69,2,2
M009,2025-01-01 10:20:00,200,60.21,83.29,13,3
M002,2025-01-01 10:21:00,106,66.94,89.17,10,8
M010,2025-01-01 10:22:00,169,71.25,85.42,5,7
M009,2025-01-01 10:23:00,147,61.59,78.7,15,7
M006,2025-01-01 10:24:00,198,72.88,81.34,5,0
M004,2025-01-01 10:25:00,141,68.71,71.23,14,9
M007,2025-01-01 10:26:00,74,69.23,95.77,3,7
M008,2025-01-01 10:27:00,113,87.9,73.72,10,4
M010,2025-01-01 10:28:00,60,67.98,76.63,6,7
M002,2025-01-01 10:29:00,127,63.61,88.27,13,3
M007,2025-01-01 10:30:00,118,69.4,95.44,5,2
M006,2025-01-01 10:31:00,114,68.83,90.16,18,10
M009,2025-01-01 10:32:00,89,79.94,91.95,20,8
M010,2025-01-01 10:33:00,106,62.42,72.24,16,8
M004,2025-01-01 10:34:00,186,78.42,81.27,4,4
M007,2025-01-01 10:35:00,168,87.89,75.34,5,6
M008,2025-01-01 10:36:00,110,65.34,73.41,14,0
M002,2025-01-01 10:37:00,195,72.27,80.91,19,3
M005,2025-01-01 10:38:00,104,76.9,75.8,19,3
M010,2025-01-01 10:39:00,148,88.01,73.67,14,0
M007,2025-01-01 10:40:00,58,89.44,86.15,8,9
M010,2025-01-01 10:41:00,152,80.97,97.83,19,0
M007,2025-01-01 10:42:00,92,84.21,82.59,4,2
M007,2025-01-01 10:43:00,82,65.52,81.41,4,1
M001,2025-01-01 10:44:00,124,81.69,75.88,8,4
M006,2025-01-01 10:45:00,92,75.77,89.43,13,5
M009,2025-01-01 10:46:00,133,70.22,73.0,14,7
M007,2025-01-01 10:47:00,141,60.16,99.62,10,9
M005,2025-01-01 10:48:00,158,78.54,88.07,13,5
M003,2025-01-01 10:49:00,164,60.22,72.38,17,3
M001,2025-01-01 10:50:00,198,85.94,93.44,9,9
M002,2025-01-01 10:51:00,130,79.91,90.47,16,3
M008,2025-01-01 10:52:00,146,84.62,94.76,19,0
M001,2025-01-01 10:53:00,131,67.71,75.26,2,2
M009,2025-01-01 10:54:00,150,72.14,71.07,7,5
M009,2025-01-01 10:55:00,172,64.45,90.81,20,4
M010,2025-01-01 10:56:00,116,73.7,72.12,19,8
M007,2025-01-01 10:57:00,190,73.66,84.09,17,7
M005,2025-01-01 10:58:00,113,65.44,96.93,12,9
M004,2025-01-01 10:59:00,69,86.93,94.95,1,9
M008,2025-01-01 11:00:00,200,74.66,70.44,15,0
M005,2025-01-01 11:01:00,187,87.09,89.4,15,9
M004,2025-01-01 11:02:00,176,67.99,87.3,6,4
M007,2025-01-01 11:03:00,129,79.43,88.88,14,0
M003,2025-01-01 11:04:00,73,69.67,92.85,20,9
M006,2025-01-01 11:05:00,157,71.32,98.28,2,7
M006,2025-01-01 11:06:00,110,66.33,90.66,7,2
M010,2025-01-01 11:07:00,106,78.45,93.7,10,3
M005,2025-01-01 11:08:00,146,72.13,88.61,5,5
M002,2025-01-01 11:09:00,82,89.04,76.1,4,3
M002,2025-01-01 11:10:00,102,81.42,80.3,10,8
M001,2025-01-01 11:11:00,115,60.98,92.47,9,6
M009,2025-01-01 11:12:00,176,65.78,90.22,10,2
M007,2025-01-01 11:13:00,140,75.45,73.54,16,1
M009,2025-01-01 11:14:00,54,76.11,71.2,0,1
M003,2025-01-01 11:15:00,157,67.11,91.24,8,0
M003,2025-01-01 11:16:00,97,73.34,94.08,0,7
M010,2025-01-01 11:17:00,172,89.72,85.07,14,8
M001,2025-01-01 11:18:00,173,89.9,91.55,18,1
M005,2025-01-01 11:19:00,124,82.41,83.45,1,8
M003,2025-01-01 11:20:00,166,68.96,70.14,4,2
M008,2025-01-01 11:21:00,65,85.11,88.51,0,3
M001,2025-01-01 11:22:00,179,88.1,76.05,8,5
M008,2025-01-01 11:23:00,57,85.07,99.99,1,2
M004,2025-01-01 11:24:00,61,64.95,99.53,15,8
M005,2025-01-01 11:25:00,137,67.05,98.3,4,6
M001,2025-01-01 11:26:00,179,64.27,71.14,6,1
M009,2025-01-01 11:27:00,179,62.58,78.9,14,9
M010,2025-01-01 11:28:00,166,82.71,77.08,0,4
M009,2025-01-01 11:29:00,141,60.98,98.66,16,0
M010,2025-01-01 11:30:00,145,83.31,71.44,3,3
M003,2025-01-01 11:31:00,156,73.75,84.11,11,4
M006,2025-01-01 11:32:00,171,74.36,95.13,11,8
M007,2025-01-01 11:33:00,108,83.75,99.05,5,3
M010,2025-01-01 11:34:00,96,69.16,86.14,7,3
M006,2025-01-01 11:35:00,52,74.0,79.33,4,0
M007,2025-01-01 11:36:00,164,80.81,77.18,2,1
M007,2025-01-01 11:37:00,149,68.04,87.66,14,1
M009,2025-01-01 11:38:00,190,66.97,90.46,1,5
M002,2025-01-01 11:39:00,57,82.35,97.95,7,5
M006,2025-01-01 11:40:00,152,68.84,89.41,16,5
M007,2025-01-01 11:41:00,87,84.71,92.29,4,8
M004,2025-01-01 11:42:00,75,64.13,77.18,11,4
M004,2025-01-01 11:43:00,196,79.15,77.84,16,0
M007,2025-01-01 11:44:00,79,76.36,91.12,5,0
M004,2025-01-01 11:45:00,143,84.87,78.97,2,0
M004,2025-01-01 11:46:00,187,86.95,82.81,14,0
M006,2025-01-01 11:47:00,187,87.69,84.11,13,6
M005,2025-01-01 11:48:00,68,85.99,75.72,16,1
M001,2025-01-01 11:49:00,147,64.24,75.21,6,5
M008,2025-01-01 11:50:00,147,77.34,82.19,15,2
M001,2025-01-01 11:51:00,161,70.19,93.53,11,2
M010,2025-01-01 11:52:00,143,64.92,90.9,10,10
M006,2025-01-01 11:53:00,74,80.75,83.88,15,10
M006,2025-01-01 11:54:00,55,79.23,89.62,9,2
M002,2025-01-01 11:55:00,133,82.12,84.86,18,6
M008,2025-01-01 11:56:00,172,82.93,85.39,13,8
M003,2025-01-01 11:57:00,170,74.98,98.21,18,8
M009,2025-01-01 11:58:00,116,68.68,93.45,0,3
M006,2025-01-01 11:59:00,149,68.58,82.9,18,6
M008,2025-01-01 12:00:00,92,67.73,72.52,17,4
M006,2025-01-01 12:01:00,75,63.85,96.91,10,8
M003,2025-01-01 12:02:00,132,84.7,82.27,18,3
M003,2025-01-01 12:03:00,175,83.1,75.78,15,10
M006,2025-01-01 12:04:00,113,73.51,72.09,1,8
M010,2025-01-01 12:05:00,128,64.52,84.18,20,7
M009,2025-01-01 12:06:00,125,86.64,78.65,10,6
M003,2025-01-01 12:07:00,105,81.21,97.39,6,6
M004,2025-01-01 12:08:00,98,86.44,98.74,5,2
M004,2025-01-01 12:09:00,174,83.83,88.34,12,5
M010,2025-01-01 12:10:00,157,70.83,90.22,10,5
M006,2025-01-01 12:11:00,183,76.57,84.98,17,7
M002,2025-01-01 12:12:00,82,60.32,76.98,9,6
M008,2025-01-01 12:13:00,89,67.41,84.11,0,6
M010,2025-01-01 12:14:00,159,70.83,81.29,20,8
M005,2025-01-01 12:15:00,95,66.87,73.62,3,4
M005,2025-01-01 12:16:00,199,64.8,70.31,19,8
M009,2025-01-01 12:17:00,91,61.36,98.03,12,6
M007,2025-01-01 12:18:00,180,70.57,71.28,16,1
M006,2025-01-01 12:19:00,190,73.91,71.1,13,9
M008,2025-01-01 12:20:00,87,84.73,93.66,7,2
M010,2025-01-01 12:21:00,200,86.42,96.66,14,4
M010,2025-01-01 12:22:00,86,82.18,88.06,19,10
M005,2025-01-01 12:23:00,76,82.3,91.74,15,2
M010,2025-01-01 12:24:00,199,89.81,85.94,11,3
M004,2025-01-01 12:25:00,121,78.56,77.65,15,3
M003,2025-01-01 12:26:00,88,67.58,95.99,10,5
M005,2025-01-01 12:27:00,171,77.26,72.13,20,4
M003,2025-01-01 12:28:00,148,65.37,71.36,3,4
M004,2025-01-01 12:29:00,101,76.82,84.11,10,0
M002,2025-01-01 12:30:00,143,66.92,79.5,7,5
M006,2025-01-01 12:31:00,145,78.5,96.57,0,0
M006,2025-01-01 12:32:00,99,69.68,85.46,2,7
M008,2025-01-01 12:33:00,168,73.89,97.57,19,5
M007,2025-01-01 12:34:00,132,61.92,82.38,14,9
M006,2025-01-01 12:35:00,179,82.86,88.0,9,0
M003,2025-01-01 12:36:00,133,83.29,73.79,19,10
M009,2025-01-01 12:37:00,80,83.48,76.78,16,7
M009,2025-01-01 12:38:00,80,64.61,86.41,16,9
M001,2025-01-01 12:39:00,178,87.1,98.29,6,3
M004,2025-01-01 12:40:00,198,68.51,73.56,9,1
M003,2025-01-01 12:41:00,165,76.03,74.79,19,9
M004,2025-01-01 12:42:00,120,78.08,94.49,0,6
M005,2025-01-01 12:43:00,185,89.89,96.53,9,10
M010,2025-01-01 12:44:00,138,87.17,79.85,4,1
M006,2025-01-01 12:45:00,150,72.57,76.8,5,3
M010,2025-01-01 12:46:00,73,67.54,93.06,0,9
M009,2025-01-01 12:47:00,60,69.12,76.71,20,3
M009,2025-01-01 12:48:00,140,65.93,89.73,3,1
M008,2025-01-01 12:49:00,107,63.51,84.95,2,4
M007,2025-01-01 12:50:00,92,77.58,91.48,5,6
M004,2025-01-01 12:51:00,86,88.2,72.4,1,5
M006,2025-01-01 12:52:00,137,71.36,75.47,3,3
M003,2025-01-01 12:53:00,145,73.71,78.07,18,10
M009,2025-01-01 12:54:00,103,81.1,81.33,4,1
M006,2025-01-01 12:55:00,89,63.56,81.44,16,7
M001,2025-01-01 12:56:00,135,74.14,79.72,0,2
M008,2025-01-01 12:57:00,72,66.15,99.65,1,8
M008,2025-01-01 12:58:00,52,70.98,98.31,10,7
M010,2025-01-01 12:59:00,65,84.95,77.49,20,5
M003,2025-01-01 13:00:00,78,81.83,77.84,18,4
M009,2025-01-01 13:01:00,130,81.53,97.22,14,4
M009,2025-01-01 13:02:00,128,64.27,76.12,1,0
M009,2025-01-01 13:03:00,157,73.36,70.91,11,0
M010,2025-01-01 13:04:00,143,76.75,84.3,11,7
M007,2025-01-01 13:05:00,127,87.38,75.28,13,6
M010,2025-01-01 13:06:00,103,86.76,77.52,14,1
M009,2025-01-01 13:07:00,196,76.3,97.66,6,3
M001,2025-01-01 13:08:00,148,73.81,92.21,19,0
M005,2025-01-01 13:09:00,140,84.49,80.06,11,10
M008,2025-01-01 13:10:00,122,73.99,74.8,6,10
M003,2025-01-01 13:11:00,50,84.24,99.8,14,0
M004,2025-01-01 13:12:00,142,79.33,72.04,6,9
M008,2025-01-01 13:13:00,186,69.21,83.38,4,4
M001,2025-01-01 13:14:00,192,61.87,85.53,9,3
M008,2025-01-01 13:15:00,76,80.64,96.0,20,4
M003,2025-01-01 13:16:00,182,78.69,73.25,8,4
M001,2025-01-01 13:17:00,53,65.68,85.23,15,5
M005,2025-01-01 13:18:00,113,62.46,71.6,10,1
M010,2025-01-01 13:19:00,142,76.04,81.57,20,4
M009,2025-01-01 13:20:00,133,68.03,73.04,2,6
M004,2025-01-01 13:21:00,50,68.66,81.15,10,9
M007,2025-01-01 13:22:00,142,60.03,93.28,13,4
M010,2025-01-01 13:23:00,149,69.47,96.0,14,7
M010,2025-01-01 13:24:00,145,63.65,85.22,8,0
M010,2025-01-01 13:25:00,55,63.62,73.7,1,8
M009,2025-01-01 13:26:00,199,77.99,83.19,5,1
M002,2025-01-01 13:27:00,91,68.33,76.26,1,4
M010,2025-01-01 13:28:00,72,69.11,97.31,6,6
M003,2025-01-01 13:29:00,125,68.9,72.23,10,6
M004,2025-01-01 13:30:00,188,68.06,78.0,15,8
M006,2025-01-01 13:31:00,88,63.69,79.4,2,9
M009,2025-01-01 13:32:00,119,88.81,73.02,2,8
M004,2025-01-01 13:33:00,105,77.78,90.0,4,8
M007,2025-01-01 13:34:00,188,78.54,84.19,6,0
M004,2025-01-01 13:35:00,172,76.38,86.31,18,10
M008,2025-01-01 13:36:00,174,76.89,81.03,18,7
M007,2025-01-01 13:37:00,160,62.89,80.38,15,4
M004,2025-01-01 13:38:00,178,87.21,80.01,9,3
M001,2025-01-01 13:39:00,148,63.44,72.92,17,2
M010,2025-01-01 13:40:00,108,75.67,72.48,6,10
M010,2025-01-01 13:41:00,83,84.25,96.44,4,0
M004,2025-01-01 13:42:00,191,81.92,97.76,10,2
M006,2025-01-01 13:43:00,197,67.77,90.8,12,4
M009,2025-01-01 13:44:00,63,86.97,99.49,8,6
M007,2025-01-01 13:45:00,72,68.12,77.74,2,7
M005,2025-01-01 13:46:00,78,66.56,72.11,6,10
M004,2025-01-01 13:47:00,65,68.35,72.15,12,9
M008,2025-01-01 13:48:00,165,66.93,77.78,2,3
M006,2025-01-01 13:49:00,138,84.72,77.72,14,7
M007,2025-01-01 13:50:00,199,74.8,87.13,10,0
M005,2025-01-01 13:51:00,69,73.84,74.14,17,8
M007,2025-01-01 13:52:00,54,74.56,73.46,9,9
M007,2025-01-01 13:53:00,136,83.83,74.72,15,5
M004,2025-01-01 13:54:00,167,88.27,91.89,17,1
M010,2025-01-01 13:55:00,83,71.42,76.3,3,10
M005,2025-01-01 13:56:00,187,80.71,71.53,8,10
M009,2025-01-01 13:57:00,98,88.6,98.8,1,9
M010,2025-01-01 13:58:00,57,61.04,96.57,12,2
M004,2025-01-01 13:59:00,193,79.87,74.46,18,2
M006,2025-01-01 14:00:00,76,69.59,89.07,4,1
M010,2025-01-01 14:01:00,61,60.37,81.15,11,5
M004,2025-01-01 14:02:00,111,87.99,77.48,19,0
M009,2025-01-01 14:03:00,127,68.25,77.57,14,10
M001,2025-01-01 14:04:00,140,67.09,72.99,14,5
M006,2025-01-01 14:05:00,141,84.95,72.9,0,10
M008,2025-01-01 14:06:00,59,60.38,82.35,3,5
M007,2025-01-01 14:07:00,182,66.47,97.42,11,0
M005,2025-01-01 14:08:00,148,75.63,95.73,7,10
M006,2025-01-01 14:09:00,181,81.93,87.59,12,7
M010,2025-01-01 14:10:00,178,81.17,92.85,6,6
M005,2025-01-01 14:11:00,157,74.53,84.55,11,1
M010,2025-01-01 14:12:00,119,79.14,78.91,3,8
M002,2025-01-01 14:13:00,72,76.01,70.92,11,6
M010,2025-01-01 14:14:00,103,89.89,83.85,18,10
M005,2025-01-01 14:15:00,69,61.39,73.78,18,1
M003,2025-01-01 14:16:00,55,88.5,94.77,19,0
M002,2025-01-01 14:17:00,107,63.55,75.09,5,7
M009,2025-01-01 14:18:00,97,87.06,97.87,3,8
M001,2025-01-01 14:19:00,69,62.49,92.27,14,1
M006,2025-01-01 14:20:00,90,82.51,94.14,9,9
M008,2025-01-01 14:21:00,197,87.12,91.19,7,1
M001,2025-01-01 14:22:00,133,80.26,82.55,3,6
M001,2025-01-01 14:23:00,97,67.89,85.25,4,5
M007,2025-01-01 14:24:00,141,88.14,89.95,15,6
M008,2025-01-01 14:25:00,158,80.11,95.91,4,7
M010,2025-01-01 14:26:00,119,70.82,84.81,17,1
M002,2025-01-01 14:27:00,129,74.7,70.82,9,2
M003,2025-01-01 14:28:00,170,66.16,98.46,5,4
M009,2025-01-01 14:29:00,146,79.68,89.57,0,4
M004,2025-01-01 14:30:00,143,83.83,70.25,6,4
M009,2025-01-01 14:31:00,151,89.62,95.95,8,7
M009,2025-01-01 14:32:00,183,61.73,72.68,1,7
M009,2025-01-01 14:33:00,197,73.15,95.14,1,9
M008,2025-01-01 14:34:00,186,89.99,80.82,6,5
M010,2025-01-01 14:35:00,61,76.12,82.72,16,6
M008,2025-01-01 14:36:00,183,62.61,75.12,11,2
M008,2025-01-01 14:37:00,68,79.8,72.18,11,8
M005,2025-01-01 14:38:00,102,83.23,86.73,17,10
M004,2025-01-01 14:39:00,194,86.81,70.34,18,10
M007,2025-01-01 14:40:00,54,62.89,84.27,18,3
M009,2025-01-01 14:41:00,72,85.62,87.27,10,3
M010,2025-01-01 14:42:00,133,71.83,82.21,18,7
M007,2025-01-01 14:43:00,130,75.97,90.52,6,3
M005,2025-01-01 14:44:00,165,67.54,91.7,1,0
M005,2025-01-01 14:45:00,93,87.3,72.71,1,0
M001,2025-01-01 14:46:00,191,81.44,87.36,3,5
M008,2025-01-01 14:47:00,130,79.98,88.89,4,7
M002,2025-01-01 14:48:00,94,67.74,70.98,5,0
M003,2025-01-01 14:49:00,155,76.22,70.23,2,8
M009,2025-01-01 14:50:00,143,69.24,76.03,1,0
M009,2025-01-01 14:51:00,197,84.9,78.65,7,1
M008,2025-01-01 14:52:00,98,86.28,82.0,13,2
M001,2025-01-01 14:53:00,57,87.65,71.45,6,1
M003,2025-01-01 14:54:00,70,70.76,82.65,15,10
M005,2025-01-01 14:55:00,68,78.34,89.11,11,5
M006,2025-01-01 14:56:00,200,89.64,87.33,7,1
M005,2025-01-01 14:57:00,87,62.16,92.59,19,3
M005,2025-01-01 14:58:00,167,87.53,76.24,0,7
M007,2025-01-01 14:59:00,103,81.97,82.71,5,3
M009,2025-01-01 15:00:00,121,78.36,73.64,14,7
M007,2025-01-01 15:01:00,188,86.21,94.12,20,3
M004,2025-01-01 15:02:00,52,67.74,72.28,9,9
M010,2025-01-01 15:03:00,147,70.34,85.18,9,7
M007,2025-01-01 15:04:00,83,77.4,96.25,1,8
M008,2025-01-01 15:05:00,157,70.93,79.52,11,5
M002,2025-01-01 15:06:00,111,89.06,80.35,6,3
M006,2025-01-01 15:07:00,144,71.06,87.58,15,9
M008,2025-01-01 15:08:00,125,68.47,78.41,11,1
M006,2025-01-01 15:09:00,98,79.02,93.38,11,2
M007,2025-01-01 15:10:00,198,89.54,73.27,10,0
M003,2025-01-01 15:11:00,146,73.91,87.34,9,6
M009,2025-01-01 15:12:00,72,60.89,91.93,14,1
M007,2025-01-01 15:13:00,91,68.65,91.74,14,8
M010,2025-01-01 15:14:00,63,67.14,84.42,13,10
M008,2025-01-01 15:15:00,120,68.19,84.66,15,5
M005,2025-01-01 15:16:00,149,75.52,92.21,13,0
M004,2025-01-01 15:17:00,87,80.12,81.61,19,6
M003,2025-01-01 15:18:00,136,87.03,84.46,11,10
M010,2025-01-01 15:19:00,51,70.01,83.91,10,3
M002,2025-01-01 15:20:00,91,60.69,87.7,18,2
M005,2025-01-01 15:21:00,68,81.22,91.02,9,2
M005,2025-01-01 15:22:00,198,89.06,86.9,8,1
M001,2025-01-01 15:23:00,115,82.15,90.47,12,5
M001,2025-01-01 15:24:00,69,60.51,86.37,19,6
M006,2025-01-01 15:25:00,137,68.29,96.18,0,6
M008,2025-01-01 15:26:00,74,74.04,71.27,2,9
M009,2025-01-01 15:27:00,71,72.11,94.55,7,5
M007,2025-01-01 15:28:00,107,84.61,74.02,2,2
M008,2025-01-01 15:29:00,146,83.39,72.92,1,9
M002,2025-01-01 15:30:00,93,67.84,94.12,9,0
M001,2025-01-01 15:31:00,198,64.66,98.46,18,2
M007,2025-01-01 15:32:00,50,62.45,81.19,19,9
M008,2025-01-01 15:33:00,145,80.88,96.57,5,8
M006,2025-01-01 15:34:00,76,78.77,93.1,10,4
M006,2025-01-01 15:35:00,114,65.83,87.19,9,6
M010,2025-01-01 15:36:00,101,65.71,83.26,8,0
M004,2025-01-01 15:37:00,197,75.41,85.33,4,5
M001,2025-01-01 15:38:00,115,81.58,73.97,12,9
M006,2025-01-01 15:39:00,180,85.95,75.18,5,4
M006,2025-01-01 15:40:00,65,68.6,71.59,12,1
M006,2025-01-01 15:41:00,96,81.2,74.91,5,0
M002,2025-01-01 15:42:00,197,60.96,82.34,4,10
M010,2025-01-01 15:43:00,85,68.31,83.92,8,1
M002,2025-01-01 15:44:00,129,74.88,98.55,6,3
M003,2025-01-01 15:45:00,76,82.02,84.42,7,9
M008,2025-01-01 15:46:00,97,67.58,70.79,6,6
M002,2025-01-01 15:47:00,50,67.96,77.75,20,8
M007,2025-01-01 15:48:00,139,71.58,72.59,11,0
M008,2025-01-01 15:49:00,165,86.58,72.95,7,6
M007,2025-01-01 15:50:00,115,75.52,73.07,4,10
M007,2025-01-01 15:51:00,58,85.44,87.71,6,8
M001,2025-01-01 15:52:00,81,71.65,70.7,16,6
M005,2025-01-01 15:53:00,51,72.8,94.33,2,0
M006,2025-01-01 15:54:00,140,85.6,86.3,16,8
M005,2025-01-01 15:55:00,69,71.49,84.42,15,0
M007,2025-01-01 15:56:00,75,77.34,85.73,4,0
M002,2025-01-01 15:57:00,177,63.58,92.91,3,4
M008,2025-01-01 15:58:00,125,71.13,80.25,0,0
M002,2025-01-01 15:59:00,71,87.45,96.33,13,4
M006,2025-01-01 16:00:00,71,84.52,79.62,12,9
M001,2025-01-01 16:01:00,104,70.46,93.29,2,6
M009,2025-01-01 16:02:00,58,85.25,97.21,1,8
M001,2025-01-01 16:03:00,154,73.52,89.37,11,10
M007,2025-01-01 16:04:00,127,81.23,78.27,3,3
M009,2025-01-01 16:05:00,96,61.03,79.38,11,3
M001,2025-01-01 16:06:00,104,70.24,94.35,17,5
M010,2025-01-01 16:07:00,146,89.59,73.7,5,5
M003,2025-01-01 16:08:00,178,71.89,95.18,19,7
M007,2025-01-01 16:09:00,67,66.49,96.1,3,7
M001,2025-01-01 16:10:00,192,83.79,72.12,1,10
M007,2025-01-01 16:11:00,72,61.46,75.37,16,3
M004,2025-01-01 16:12:00,198,69.8,73.13,8,3
M005,2025-01-01 16:13:00,136,84.25,71.09,2,4
M009,2025-01-01 16:14:00,134,70.71,97.74,20,0
M005,2025-01-01 16:15:00,59,85.4,72.6,9,8
M001,2025-01-01 16:16:00,101,67.68,86.87,19,1
M009,2025-01-01 16:17:00,60,64.02,93.81,11,5
M002,2025-01-01 16:18:00,87,69.24,86.0,17,8
M001,2025-01-01 16:19:00,61,81.39,76.51,18,8
M004,2025-01-01 16:20:00,147,82.98,88.99,19,2
M007,2025-01-01 16:21:00,136,86.15,81.02,0,5
M007,2025-01-01 16:22:00,107,75.98,75.67,0,2
M006,2025-01-01 16:23:00,91,84.13,94.28,11,0
M007,2025-01-01 16:24:00,83,70.23,93.06,14,7
M007,2025-01-01 16:25:00,143,67.86,92.39,4,4
M010,2025-01-01 16:26:00,111,78.64,86.66,4,4
M006,2025-01-01 16:27:00,145,87.0,73.21,9,5
M004,2025-01-01 16:28:00,140,81.92,87.09,1,6
M001,2025-01-01 16:29:00,117,80.99,89.56,1,0
M008,2025-01-01 16:30:00,107,81.32,81.78,10,7
M005,2025-01-01 16:31:00,194,87.37,91.11,5,1
M004,2025-01-01 16:32:00,143,74.78,91.93,16,5
M009,2025-01-01 16:33:00,101,63.07,90.8,1,1
M009,2025-01-01 16:34:00,83,80.21,94.31,7,0
M002,2025-01-01 16:35:00,132,78.56,80.89,20,5
M001,2025-01-01 16:36:00,168,78.3,96.98,4,7
M006,2025-01-01 16:37:00,76,75.66,93.6,2,3
M007,2025-01-01 16:38:00,86,65.44,73.95,18,5
M010,2025-01-01 16:39:00,111,76.15,88.25,8,3
M002,2025-01-01 16:40:00,114,82.56,82.49,15,2
M003,2025-01-01 16:41:00,68,86.84,99.95,15,8
M003,2025-01-01 16:42:00,184,88.94,90.82,5,8
M002,2025-01-01 16:43:00,89,75.54,74.97,8,0
M002,2025-01-01 16:44:00,108,75.94,90.34,12,6
M003,2025-01-01 16:45:00,84,67.83,98.87,15,2
M009,2025-01-01 16:46:00,183,82.15,79.34,1,7
M005,2025-01-01 16:47:00,64,61.88,99.39,9,10
M010,2025-01-01 16:48:00,113,87.09,74.91,19,0
M004,2025-01-01 16:49:00,64,67.42,85.43,6,1
M006,2025-01-01 16:50:00,101,64.75,70.51,14,4
M010,2025-01-01 16:51:00,93,62.57,76.42,5,5
M003,2025-01-01 16:52:00,79,64.76,73.94,1,0
M003,2025-01-01 16:53:00,194,66.94,77.22,20,5
M010,2025-01-01 16:54:00,149,72.55,80.6,14,6
M002,2025-01-01 16:55:00,115,88.03,99.83,5,5
M008,2025-01-01 16:56:00,58,80.9,78.59,6,2
M007,2025-01-01 16:57:00,101,89.79,92.12,10,10
M006,2025-01-01 16:58:00,182,78.83,82.97,15,3
M003,2025-01-01 16:59:00,153,85.82,81.62,10,3
M006,2025-01-01 17:00:00,177,66.48,98.02,9,2
M005,2025-01-01 17:01:00,97,80.21,72.24,20,8
M008,2025-01-01 17:02:00,175,60.77,98.54,20,10
M002,2025-01-01 17:03:00,101,75.49,95.43,9,5
M010,2025-01-01 17:04:00,99,60.15,75.0,13,7
M006,2025-01-01 17:05:00,89,83.54,81.08,14,4
M009,2025-01-01 17:06:00,171,80.25,71.4,3,8
M005,2025-01-01 17:07:00,193,65.42,71.0,10,1
M010,2025-01-01 17:08:00,97,62.94,81.96,4,8
M006,2025-01-01 17:09:00,158,74.5,72.16,4,9
M009,2025-01-01 17:10:00,63,74.77,86.96,3,3
M003,2025-01-01 17:11:00,146,66.07,81.63,19,5
M005,2025-01-01 17:12:00,146,87.98,94.3,6,5
M009,2025-01-01 17:13:00,79,60.17,85.29,12,4
M002,2025-01-01 17:14:00,82,77.78,98.72,20,7
M005,2025-01-01 17:15:00,194,85.17,78.98,6,6
M009,2025-01-01 17:16:00,97,62.18,92.73,8,8
M010,2025-01-01 17:17:00,183,88.59,94.56,10,0
M003,2025-01-01 17:18:00,138,76.31,96.28,12,4
M007,2025-01-01 17:19:00,112,63.99,75.2,1,9
M008,2025-01-01 17:20:00,174,67.12,77.94,18,5
M009,2025-01-01 17:21:00,128,66.36,88.1,10,7
M010,2025-01-01 17:22:00,94,79.24,97.88,8,9
M008,2025-01-01 17:23:00,77,89.96,89.86,3,9
M002,2025-01-01 17:24:00,186,78.28,72.51,12,1
M010,2025-01-01 17:25:00,66,62.83,80.58,12,10
M010,2025-01-01 17:26:00,122,66.51,95.19,16,3
M006,2025-01-01 17:27:00,169,87.76,85.06,13,9
M007,2025-01-01 17:28:00,103,82.7,76.71,9,2
M007,2025-01-01 17:29:00,152,81.51,83.32,17,3
M007,2025-01-01 17:30:00,120,70.52,89.63,14,5
M006,2025-01-01 17:31:00,169,70.28,89.32,15,2
M004,2025-01-01 17:32:00,53,71.11,88.54,12,2
M006,2025-01-01 17:33:00,132,71.9,87.47,10,6
M005,2025-01-01 17:34:00,70,69.73,88.18,19,1
M006,2025-01-01 17:35:00,165,89.7,93.12,6,1
M005,2025-01-01 17:36:00,140,72.77,73.79,6,5
M007,2025-01-01 17:37:00,102,83.12,96.62,2,7
M002,2025-01-01 17:38:00,126,64.6,82.38,8,5
M005,2025-01-01 17:39:00,188,61.05,85.91,4,2
M003,2025-01-01 17:40:00,83,68.03,91.92,4,7
M006,2025-01-01 17:41:00,187,87.5,94.99,12,3
M006,2025-01-01 17:42:00,62,65.24,71.27,13,3
M004,2025-01-01 17:43:00,60,82.48,81.75,2,9
M003,2025-01-01 17:44:00,99,74.09,95.07,13,5
M010,2025-01-01 17:45:00,138,73.42,91.12,13,3
M005,2025-01-01 17:46:00,124,60.3,74.86,12,6
M009,2025-01-01 17:47:00,81,74.59,86.7,5,6
M007,2025-01-01 17:48:00,77,83.98,72.97,12,8
M004,2025-01-01 17:49:00,103,81.11,88.14,6,5
M008,2025-01-01 17:50:00,145,73.93,75.84,1,4
M001,2025-01-01 17:51:00,176,68.6,73.59,5,8
M010,2025-01-01 17:52:00,75,78.84,85.75,18,2
M009,2025-01-01 17:53:00,104,71.21,70.75,18,6
M007,2025-01-01 17:54:00,143,77.77,91.84,13,4
M005,2025-01-01 17:55:00,95,70.31,93.3,20,6
M003,2025-01-01 17:56:00,110,72.26,82.95,20,0
M008,2025-01-01 17:57:00,196,81.29,82.35,6,5
M007,2025-01-01 17:58:00,94,80.39,92.1,7,9
M001,2025-01-01 17:59:00,102,64.46,89.99,5,9
M006,2025-01-01 18:00:00,53,78.02,90.55,16,2
M008,2025-01-01 18:01:00,87,63.1,93.18,11,8
M006,2025-01-01 18:02:00,133,66.22,83.05,1,8
M005,2025-01-01 18:03:00,187,68.9,73.59,20,10
M008,2025-01-01 18:04:00,120,62.9,96.53,10,6
M010,2025-01-01 18:05:00,144,82.77,98.01,7,3
M008,2025-01-01 18:06:00,64,75.12,89.18,6,1
M006,2025-01-01 18:07:00,104,61.19,92.45,1,4
M010,2025-01-01 18:08:00,77,78.09,91.39,12,3
M009,2025-01-01 18:09:00,193,68.45,78.48,5,1
M002,2025-01-01 18:10:00,119,79.25,80.25,14,5
M008,2025-01-01 18:11:00,136,70.96,89.02,13,9
M006,2025-01-01 18:12:00,103,87.67,72.14,18,3
M010,2025-01-01 18:13:00,124,80.02,77.56,15,3
M009,2025-01-01 18:14:00,151,61.53,79.36,18,0
M008,2025-01-01 18:15:00,84,60.36,88.23,7,10
M010,2025-01-01 18:16:00,116,73.59,91.69,0,10
M003,2025-01-01 18:17:00,114,81.53,93.96,15,9
M010,2025-01-01 18:18:00,51,68.25,95.01,7,10
M005,2025-01-01 18:19:00,74,76.74,99.9,0,9
M009,2025-01-01 18:20:00,64,73.74,72.54,13,0
M001,2025-01-01 18:21:00,50,78.65,81.5,18,0
M006,2025-01-01 18:22:00,108,65.15,91.24,20,3
M010,2025-01-01 18:23:00,176,70.74,96.98,20,3
M005,2025-01-01 18:24:00,90,71.66,95.31,8,3
M008,2025-01-01 18:25:00,114,65.35,96.81,13,4
M007,2025-01-01 18:26:00,111,69.27,96.89,7,2
M010,2025-01-01 18:27:00,51,74.08,72.38,20,6
M003,2025-01-01 18:28:00,188,80.28,73.77,3,9
M009,2025-01-01 18:29:00,89,81.81,92.7,18,1
M008,2025-01-01 18:30:00,109,85.13,89.86,12,0
M007,2025-01-01 18:31:00,101,73.02,86.5,4,8
M006,2025-01-01 18:32:00,167,73.93,93.1,7,8
M003,2025-01-01 18:33:00,75,87.76,99.71,1,8
M002,2025-01-01 18:34:00,121,74.26,86.64,4,2
M002,2025-01-01 18:35:00,195,67.55,80.52,13,2
M009,2025-01-01 18:36:00,128,68.1,81.93,10,5
M010,2025-01-01 18:37:00,63,81.16,79.55,5,5
M010,2025-01-01 18:38:00,63,67.48,76.24,15,4
M006,2025-01-01 18:39:00,54,68.51,80.37,5,9
M005,2025-01-01 18:40:00,90,71.65,97.92,18,5
M002,2025-01-01 18:41:00,145,64.98,70.34,14,9
M004,2025-01-01 18:42:00,142,87.64,97.92,10,1
M002,2025-01-01 18:43:00,114,74.19,87.42,9,9
M010,2025-01-01 18:44:00,114,75.48,72.51,14,9
M010,2025-01-01 18:45:00,157,61.2,90.26,17,6
M002,2025-01-01 18:46:00,130,73.47,99.47,11,5
M009,2025-01-01 18:47:00,75,68.65,70.13,6,2
M007,2025-01-01 18:48:00,179,89.68,71.1,14,8
M010,2025-01-01 18:49:00,121,73.97,87.1,6,3
M005,2025-01-01 18:50:00,150,65.79,90.88,11,3
M001,2025-01-01 18:51:00,132,89.41,82.28,4,4
M009,2025-01-01 18:52:00,194,84.92,82.67,12,8
M010,2025-01-01 18:53:00,159,82.16,95.95,3,6
M002,2025-01-01 18:54:00,148,88.2,86.34,3,8
M005,2025-01-01 18:55:00,180,77.54,77.39,12,10
M007,2025-01-01 18:56:00,180,89.39,74.13,4,7
M002,2025-01-01 18:57:00,195,76.88,75.31,4,9
M006,2025-01-01 18:58:00,171,78.78,99.68,17,3
M002,2025-01-01 18:59:00,156,68.13,70.27,14,10
M009,2025-01-01 19:00:00,59,88.73,90.21,8,1
M001,2025-01-01 19:01:00,82,80.74,94.42,8,2
M009,2025-01-01 19:02:00,120,86.56,91.38,20,8
M003,2025-01-01 19:03:00,139,70.16,76.95,12,10
M008,2025-01-01 19:04:00,135,61.38,73.89,19,3
M004,2025-01-01 19:05:00,186,63.83,70.82,16,9
M003,2025-01-01 19:06:00,82,60.55,95.53,16,5
M009,2025-01-01 19:07:00,196,67.01,75.75,1,0
M008,2025-01-01 19:08:00,179,89.33,85.28,10,6
M005,2025-01-01 19:09:00,103,77.56,95.55,6,2
M002,2025-01-01 19:10:00,50,77.79,85.87,11,10
M010,2025-01-01 19:11:00,133,74.63,95.6,9,3
M002,2025-01-01 19:12:00,148,84.78,86.11,8,10
M005,2025-01-01 19:13:00,104,60.59,88.45,17,0
M009,2025-01-01 19:14:00,137,87.45,75.62,17,7
M003,2025-01-01 19:15:00,78,65.36,70.75,10,0
M001,2025-01-01 19:16:00,125,77.92,83.83,1,7
M001,2025-01-01 19:17:00,169,70.21,90.21,0,9
M008,2025-01-01 19:18:00,186,76.89,77.6,10,1
M010,2025-01-01 19:19:00,186,75.53,72.21,9,10
M003,2025-01-01 19:20:00,110,69.08,92.86,14,0
M005,2025-01-01 19:21:00,87,84.61,86.17,19,6
M005,2025-01-01 19:22:00,85,74.65,88.15,15,8
M001,2025-01-01 19:23:00,143,74.66,73.52,1,4
M009,2025-01-01 19:24:00,72,71.5,96.91,20,4
M004,2025-01-01 19:25:00,80,74.86,92.92,2,2
M002,2025-01-01 19:26:00,126,61.92,77.85,10,3
M001,2025-01-01 19:27:00,76,65.84,75.67,13,10
M007,2025-01-01 19:28:00,83,61.28,81.77,14,1
M006,2025-01-01 19:29:00,132,71.18,97.03,8,9
M009,2025-01-01 19:30:00,162,87.77,92.72,11,4
M008,2025-01-01 19:31:00,104,65.74,80.03,16,8
M009,2025-01-01 19:32:00,63,84.56,84.48,18,5
M010,2025-01-01 19:33:00,161,68.29,90.51,10,9
M001,2025-01-01 19:34:00,103,85.76,85.61,15,5
M007,2025-01-01 19:35:00,62,87.9,75.98,17,1
M007,2025-01-01 19:36:00,143,67.14,86.52,2,9
M002,2025-01-01 19:37:00,125,75.82,84.17,16,10
M010,2025-01-01 19:38:00,184,87.45,84.93,8,4
M008,2025-01-01 19:39:00,179,65.34,72.93,1,7
M010,2025-01-01 19:40:00,104,85.51,77.66,2,8
M003,2025-01-01 19:41:00,88,87.57,96.25,1,4
M006,2025-01-01 19:42:00,171,88.55,79.96,11,9
M005,2025-01-01 19:43:00,159,69.72,75.35,0,9
M006,2025-01-01 19:44:00,171,76.23,96.92,10,10
M003,2025-01-01 19:45:00,95,76.18,92.54,7,6
M007,2025-01-01 19:46:00,148,77.99,92.14,17,5
M005,2025-01-01 19:47:00,164,77.33,86.44,19,3
M009,2025-01-01 19:48:00,117,87.25,97.22,19,4
M004,2025-01-01 19:49:00,173,67.96,97.41,9,9
M006,2025-01-01 19:50:00,143,64.59,70.76,13,4
M002,2025-01-01 19:51:00,180,72.0,84.11,15,8
M005,2025-01-01 19:52:00,102,86.31,80.54,15,6
M007,2025-01-01 19:53:00,199,88.67,93.52,4,10
M001,2025-01-01 19:54:00,73,71.25,73.85,8,10
M004,2025-01-01 19:55:00,109,83.83,97.98,10,5
M009,2025-01-01 19:56:00,91,62.42,92.29,2,2
M001,2025-01-01 19:57:00,145,84.35,91.78,17,8
M002,2025-01-01 19:58:00,104,75.58,76.6,15,7
M001,2025-01-01 19:59:00,111,61.44,89.15,15,7
M005,2025-01-01 20:00:00,130,60.77,71.05,7,6
M001,2025-01-01 20:01:00,70,74.62,78.77,7,0
M009,2025-01-01 20:02:00,84,81.46,78.71,15,8
M004,2025-01-01 20:03:00,157,62.6,96.26,12,0
M007,2025-01-01 20:04:00,179,65.04,76.61,10,7
M001,2025-01-01 20:05:00,63,80.44,82.72,13,8
M003,2025-01-01 20:06:00,182,76.99,79.72,20,8
M008,2025-01-01 20:07:00,200,75.08,81.23,2,10
M003,2025-01-01 20:08:00,195,80.33,85.72,13,4
M008,2025-01-01 20:09:00,196,67.8,86.07,17,0
M005,2025-01-01 20:10:00,98,85.52,87.35,19,7
M009,2025-01-01 20:11:00,87,70.04,86.09,17,3
M006,2025-01-01 20:12:00,133,84.68,94.5,12,2
M003,2025-01-01 20:13:00,61,82.57,96.86,15,5
M006,2025-01-01 20:14:00,179,68.33,83.01,15,10
M008,2025-01-01 20:15:00,125,75.4,89.54,16,6
M001,2025-01-01 20:16:00,152,71.32,84.08,12,10
M008,2025-01-01 20:17:00,137,67.99,78.07,20,9
M007,2025-01-01 20:18:00,181,68.63,78.27,10,0
M007,2025-01-01 20:19:00,151,76.71,85.06,5,3
M003,2025-01-01 20:20:00,120,62.34,84.28,7,6
M002,2025-01-01 20:21:00,196,82.55,76.21,17,1
M006,2025-01-01 20:22:00,67,70.49,80.42,6,10
M010,2025-01-01 20:23:00,117,61.4,99.82,6,7
M009,2025-01-01 20:24:00,76,75.77,83.01,4,6
M004,2025-01-01 20:25:00,59,67.26,73.15,3,8
M010,2025-01-01 20:26:00,187,80.56,84.82,19,2
M002,2025-01-01 20:27:00,91,78.67,93.88,5,5
M006,2025-01-01 20:28:00,136,89.78,85.22,13,5
M003,2025-01-01 20:29:00,137,64.96,96.25,7,2
M009,2025-01-01 20:30:00,55,81.57,87.11,7,10
M010,2025-01-01 20:31:00,99,87.97,79.76,14,5
M002,2025-01-01 20:32:00,79,62.16,98.01,12,6
M008,2025-01-01 20:33:00,96,75.62,96.05,16,10
M002,2025-01-01 20:34:00,196,61.07,90.05,6,8
M006,2025-01-01 20:35:00,78,72.37,82.17,7,0
M004,2025-01-01 20:36:00,152,82.64,79.66,7,2
M004,2025-01-01 20:37:00,122,78.56,94.98,8,0
M002,2025-01-01 20:38:00,92,88.52,76.86,9,0
M002,2025-01-01 20:39:00,89,85.98,78.71,1,6
M004,2025-01-01 20:40:00,182,75.48,71.32,5,9
M005,2025-01-01 20:41:00,196,66.89,83.18,12,9
M009,2025-01-01 20:42:00,71,81.99,75.64,5,10
M008,2025-01-01 20:43:00,124,61.5,91.02,4,10
M004,2025-01-01 20:44:00,184,66.33,76.41,13,4
M003,2025-01-01 20:45:00,132,80.6,97.35,18,8
M002,2025-01-01 20:46:00,89,87.63,95.58,7,0
M002,2025-01-01 20:47:00,172,89.87,81.86,7,7
M002,2025-01-01 20:48:00,89,72.05,95.41,10,8
M005,2025-01-01 20:49:00,120,73.0,90.32,20,4
M001,2025-01-01 20:50:00,162,76.28,78.59,12,3
M005,2025-01-01 20:51:00,157,81.42,73.54,3,4
M001,2025-01-01 20:52:00,74,66.49,71.79,18,3
M009,2025-01-01 20:53:00,59,60.72,79.67,19,5
M003,2025-01-01 20:54:00,169,77.41,71.15,9,4
M009,2025-01-01 20:55:00,69,61.27,85.48,7,6
M003,2025-01-01 20:56:00,117,76.85,91.58,14,1
M009,2025-01-01 20:57:00,183,89.98,71.14,3,8
M005,2025-01-01 20:58:00,57,65.04,79.9,17,3
M005,2025-01-01 20:59:00,60,64.07,89.17,20,5
M005,2025-01-01 21:00:00,133,82.76,85.26,19,4
M009,2025-01-01 21:01:00,78,81.71,85.15,14,6
M009,2025-01-01 21:02:00,150,86.01,79.65,8,10
M005,2025-01-01 21:03:00,106,75.51,78.78,1,9
M004,2025-01-01 21:04:00,189,89.54,97.01,13,7
M004,2025-01-01 21:05:00,152,84.88,94.6,14,8
M001,2025-01-01 21:06:00,160,61.34,71.11,14,4
M005,2025-01-01 21:07:00,162,73.6,75.99,17,2
M009,2025-01-01 21:08:00,98,60.87,96.93,2,7
M008,2025-01-01 21:09:00,50,83.73,86.5,6,0
M010,2025-01-01 21:10:00,64,68.5,72.59,18,5
M004,2025-01-01 21:11:00,92,82.93,85.99,2,4
M005,2025-01-01 21:12:00,130,81.16,74.61,9,0
M004,2025-01-01 21:13:00,144,81.44,77.74,14,9
M003,2025-01-01 21:14:00,100,67.49,93.4,6,2
M002,2025-01-01 21:15:00,91,68.05,78.23,16,7
M006,2025-01-01 21:16:00,150,68.1,81.59,8,10
M003,2025-01-01 21:17:00,81,65.22,72.16,6,10
M003,2025-01-01 21:18:00,131,85.68,73.62,1,10
M002,2025-01-01 21:19:00,176,74.37,92.32,15,9
M004,2025-01-01 21:20:00,200,88.48,97.4,10,5
M008,2025-01-01 21:21:00,186,83.11,84.44,20,6
M007,2025-01-01 21:22:00,129,83.04,72.66,18,7
M003,2025-01-01 21:23:00,65,68.18,77.84,8,8
M002,2025-01-01 21:24:00,50,75.29,83.9,8,5
M002,2025-01-01 21:25:00,126,89.51,87.92,19,6
M005,2025-01-01 21:26:00,113,69.46,82.84,18,2
M002,2025-01-01 21:27:00,198,64.89,90.51,20,1
M001,2025-01-01 21:28:00,187,71.53,95.92,13,8
M005,2025-01-01 21:29:00,63,84.56,74.5,18,7
M002,2025-01-01 21:30:00,185,70.08,76.37,4,8
M006,2025-01-01 21:31:00,90,74.44,71.51,13,0
M003,2025-01-01 21:32:00,149,78.23,70.96,10,9
M010,2025-01-01 21:33:00,72,73.29,72.69,3,8
M008,2025-01-01 21:34:00,57,78.34,71.12,4,4
M010,2025-01-01 21:35:00,101,82.18,92.07,10,6
M001,2025-01-01 21:36:00,85,70.93,91.62,2,1
M003,2025-01-01 21:37:00,77,64.6,87.66,13,5
M005,2025-01-01 21:38:00,132,82.45,79.53,2,7
M002,2025-01-01 21:39:00,90,65.7,85.9,20,9
M005,2025-01-01 21:40:00,107,62.83,80.9,9,8
M002,2025-01-01 21:41:00,116,66.48,85.81,4,4
M004,2025-01-01 21:42:00,149,64.13,70.53,1,10
M004,2025-01-01 21:43:00,65,80.2,71.78,14,10
M001,2025-01-01 21:44:00,98,65.39,94.0,2,2
M002,2025-01-01 21:45:00,85,85.26,88.46,6,9
M010,2025-01-01 21:46:00,62,65.3,90.67,13,7
M002,2025-01-01 21:47:00,151,66.82,90.07,5,10
M004,2025-01-01 21:48:00,127,68.17,74.4,9,3
M009,2025-01-01 21:49:00,115,81.37,92.28,11,10
M010,2025-01-01 21:50:00,100,77.64,88.74,2,2
M006,2025-01-01 21:51:00,150,70.27,96.43,14,7
M006,2025-01-01 21:52:00,132,80.06,74.57,13,5
M007,2025-01-01 21:53:00,164,77.43,87.23,13,8
M004,2025-01-01 21:54:00,95,79.62,93.72,11,3
M005,2025-01-01 21:55:00,197,74.81,86.66,16,3
M001,2025-01-01 21:56:00,196,87.16,80.39,12,9
M005,2025-01-01 21:57:00,140,80.9,90.69,13,4
M005,2025-01-01 21:58:00,197,63.48,91.49,14,4
M005,2025-01-01 21:59:00,166,87.06,74.45,18,6
M002,2025-01-01 22:00:00,126,87.15,95.15,17,10
M009,2025-01-01 22:01:00,151,69.63,87.06,7,4
M008,2025-01-01 22:02:00,117,79.1,92.96,8,4
M008,2025-01-01 22:03:00,141,65.57,84.94,1,6
M007,2025-01-01 22:04:00,102,63.12,76.49,5,3
M003,2025-01-01 22:05:00,68,66.91,71.62,13,3
M002,2025-01-01 22:06:00,199,79.3,97.98,7,3
M005,2025-01-01 22:07:00,116,70.82,97.42,4,8
M010,2025-01-01 22:08:00,101,87.79,73.19,3,4
M003,2025-01-01 22:09:00,149,87.1,77.78,0,3
M008,2025-01-01 22:10:00,73,81.89,85.31,11,7
M007,2025-01-01 22:11:00,136,80.08,84.35,19,1
M001,2025-01-01 22:12:00,192,65.26,82.88,2,7
M002,2025-01-01 22:13:00,162,61.98,85.43,2,5
M009,2025-01-01 22:14:00,126,68.96,98.76,4,6
M002,2025-01-01 22:15:00,60,61.81,91.9,17,9
M001,2025-01-01 22:16:00,58,67.48,97.25,9,4
M009,2025-01-01 22:17:00,146,77.85,96.4,13,5
M002,2025-01-01 22:18:00,50,89.53,85.43,20,2
M010,2025-01-01 22:19:00,109,67.76,90.52,2,7
M005,2025-01-01 22:20:00,187,85.22,77.32,5,10
M010,2025-01-01 22:21:00,200,76.42,86.35,16,7
M006,2025-01-01 22:22:00,176,73.16,93.28,6,9
M004,2025-01-01 22:23:00,83,69.08,98.45,12,2
M007,2025-01-01 22:24:00,68,68.46,75.62,4,1
M001,2025-01-01 22:25:00,172,70.59,94.08,0,1
M006,2025-01-01 22:26:00,164,66.7,99.01,5,3
M007,2025-01-01 22:27:00,176,60.83,91.17,15,10
M003,2025-01-01 22:28:00,149,87.48,84.34,3,10
M002,2025-01-01 22:29:00,82,84.66,97.84,9,8
M001,2025-01-01 22:30:00,139,70.99,99.0,17,4
M009,2025-01-01 22:31:00,190,60.04,84.33,4,2
M006,2025-01-01 22:32:00,157,76.25,75.06,0,5
M003,2025-01-01 22:33:00,140,88.37,94.54,3,7
M008,2025-01-01 22:34:00,133,61.47,80.69,8,3
M004,2025-01-01 22:35:00,119,71.74,71.97,1,8
M007,2025-01-01 22:36:00,151,79.21,77.03,17,6
M005,2025-01-01 22:37:00,84,75.2,87.48,2,0
M004,2025-01-01 22:38:00,121,73.46,87.83,16,6
M004,2025-01-01 22:39:00,123,62.64,87.63,20,3
M009,2025-01-01 22:40:00,53,84.65,83.95,3,3
M002,2025-01-01 22:41:00,52,68.66,79.5,13,0
M001,2025-01-01 22:42:00,71,75.85,76.86,18,0
M008,2025-01-01 22:43:00,65,69.62,70.66,4,8
M007,2025-01-01 22:44:00,144,84.39,76.99,15,9
M002,2025-01-01 22:45:00,183,83.69,76.63,3,5
M005,2025-01-01 22:46:00,102,83.31,91.64,17,4
M004,2025-01-01 22:47:00,102,66.32,83.33,8,1
M010,2025-01-01 22:48:00,138,89.58,99.73,10,6
M006,2025-01-01 22:49:00,85,61.41,78.23,15,0
M003,2025-01-01 22:50:00,56,77.53,70.11,9,5
M003,2025-01-01 22:51:00,131,67.03,74.36,13,8
M008,2025-01-01 22:52:00,118,85.11,73.16,3,1
M008,2025-01-01 22:53:00,195,67.66,98.41,17,7
M004,2025-01-01 22:54:00,128,63.54,91.32,0,5
M005,2025-01-01 22:55:00,100,73.03,99.93,3,2
M009,2025-01-01 22:56:00,88,77.08,83.57,14,0
M009,2025-01-01 22:57:00,97,84.37,89.7,4,9
M008,2025-01-01 22:58:00,156,89.79,90.78,1,10
M009,2025-01-01 22:59:00,167,72.17,93.13,6,8
M009,2025-01-01 23:00:00,120,88.37,88.89,18,7
M005,2025-01-01 23:01:00,87,62.58,71.55,0,9
M006,2025-01-01 23:02:00,98,66.7,70.04,8,5
M005,2025-01-01 23:03:00,163,60.46,88.76,4,2
M002,2025-01-01 23:04:00,75,70.28,82.98,10,8
M003,2025-01-01 23:05:00,55,64.84,85.36,14,9
M010,2025-01-01 23:06:00,50,68.56,98.67,0,10
M008,2025-01-01 23:07:00,139,73.68,98.19,17,6
M009,2025-01-01 23:08:00,164,81.75,70.99,6,4
M006,2025-01-01 23:09:00,79,70.92,92.05,16,5
M002,2025-01-01 23:10:00,132,74.67,87.04,10,6
M006,2025-01-01 23:11:00,66,80.07,86.76,8,7
M009,2025-01-01 23:12:00,171,86.06,91.4,16,4
M010,2025-01-01 23:13:00,169,76.51,75.87,17,6
M002,2025-01-01 23:14:00,66,72.07,82.34,12,3
M002,2025-01-01 23:15:00,194,77.17,72.88,2,9
M010,2025-01-01 23:16:00,135,81.16,71.79,2,3
M006,2025-01-01 23:17:00,87,88.28,83.56,16,2
M006,2025-01-01 23:18:00,70,70.55,73.62,19,6
M004,2025-01-01 23:19:00,94,70.77,78.59,6,5
M005,2025-01-01 23:20:00,50,82.1,98.58,12,1
M004,2025-01-01 23:21:00,157,64.13,79.45,9,8
M003,2025-01-01 23:22:00,65,71.68,85.84,3,3
M007,2025-01-01 23:23:00,94,69.71,77.74,18,2
M007,2025-01-01 23:24:00,117,85.95,82.22,20,6
M009,2025-01-01 23:25:00,163,76.17,75.41,4,8
M010,2025-01-01 23:26:00,193,63.51,91.4,4,6
M009,2025-01-01 23:27:00,80,67.27,91.96,16,0
M009,2025-01-01 23:28:00,146,62.51,75.15,10,4
M010,2025-01-01 23:29:00,103,65.18,97.35,3,8
M005,2025-01-01 23:30:00,95,78.48,87.97,8,2
M007,2025-01-01 23:31:00,132,66.45,74.17,12,6
M003,2025-01-01 23:32:00,175,88.26,86.45,8,2
M009,2025-01-01 23:33:00,78,73.95,71.02,9,1
M001,2025-01-01 23:34:00,85,89.26,93.35,16,7
M002,2025-01-01 23:35:00,188,88.09,86.71,4,9
M008,2025-01-01 23:36:00,101,69.18,78.88,2,4
M001,2025-01-01 23:37:00,101,89.62,80.8,18,6
M006,2025-01-01 23:38:00,55,68.78,85.99,19,3
M002,2025-01-01 23:39:00,96,76.04,93.54,12,0
M005,2025-01-01 23:40:00,160,80.77,72.52,9,2
M005,2025-01-01 23:41:00,200,82.23,87.01,15,1
M005,2025-01-01 23:42:00,195,61.11,92.28,0,5
M002,2025-01-01 23:43:00,69,88.05,81.48,15,2
M002,2025-01-01 23:44:00,150,78.17,72.56,17,3
M008,2025-01-01 23:45:00,135,68.61,98.7,1,9
M001,2025-01-01 23:46:00,120,72.97,71.25,0,6
M001,2025-01-01 23:47:00,57,79.65,75.73,13,4
M002,2025-01-01 23:48:00,154,86.65,85.3,17,1
M003,2025-01-01 23:49:00,162,80.53,79.19,10,0
M004,2025-01-01 23:50:00,131,88.15,73.09,17,6
M004,2025-01-01 23:51:00,165,76.5,82.71,14,7
M001,2025-01-01 23:52:00,98,68.41,94.7,15,1
M009,2025-01-01 23:53:00,123,84.37,75.69,17,6
M002,2025-01-01 23:54:00,126,74.75,77.93,17,4
M008,2025-01-01 23:55:00,195,80.63,90.51,13,5
M004,2025-01-01 23:56:00,173,67.17,72.95,1,9
M008,2025-01-01 23:57:00,56,68.02,71.92,17,9
M009,2025-01-01 23:58:00,130,75.84,79.59,20,4
M009,2025-01-01 23:59:00,96,86.63,82.3,12,10
M002,2025-01-02 00:00:00,184,68.21,81.04,2,2
M003,2025-01-02 00:01:00,94,85.33,80.08,16,2
M001,2025-01-02 00:02:00,132,83.0,86.88,8,6
M004,2025-01-02 00:03:00,165,61.66,95.23,5,1
M007,2025-01-02 00:04:00,84,63.7,70.28,13,6
M008,2025-01-02 00:05:00,68,67.59,99.89,2,8
M004,2025-01-02 00:06:00,153,84.04,82.67,8,6
M010,2025-01-02 00:07:00,81,85.48,84.13,3,10
M007,2025-01-02 00:08:00,133,75.99,80.66,7,8
M002,2025-01-02 00:09:00,183,80.99,78.67,5,0
M005,2025-01-02 00:10:00,109,76.16,83.95,17,10
M005,2025-01-02 00:11:00,67,88.04,84.12,10,0
M008,2025-01-02 00:12:00,141,65.59,84.4,15,7
M007,2025-01-02 00:13:00,160,63.55,97.42,9,2
M005,2025-01-02 00:14:00,170,85.11,91.72,11,6
M006,2025-01-02 00:15:00,158,78.52,72.31,15,7
M007,2025-01-02 00:16:00,86,69.66,70.37,10,4
M004,2025-01-02 00:17:00,152,62.55,86.53,4,4
M006,2025-01-02 00:18:00,187,77.49,96.26,6,0
M010,2025-01-02 00:19:00,185,75.23,71.48,13,2
M010,2025-01-02 00:20:00,127,67.23,71.45,0,8
M009,2025-01-02 00:21:00,110,89.29,89.27,16,6
M006,2025-01-02 00:22:00,175,86.55,94.33,3,6
M005,2025-01-02 00:23:00,88,89.11,85.03,6,10
M006,2025-01-02 00:24:00,138,87.31,82.01,2,7
M007,2025-01-02 00:25:00,157,74.03,93.78,13,9
M003,2025-01-02 00:26:00,118,83.84,95.86,5,2
M010,2025-01-02 00:27:00,51,89.17,79.41,11,8
M009,2025-01-02 00:28:00,56,67.16,83.79,10,2
M005,2025-01-02 00:29:00,127,75.8,77.92,4,0
M007,2025-01-02 00:30:00,107,67.4,74.78,8,7
M008,2025-01-02 00:31:00,135,83.23,79.3,14,10
M004,2025-01-02 00:32:00,100,86.77,78.98,1,0
M002,2025-01-02 00:33:00,172,89.77,71.88,14,8
M005,2025-01-02 00:34:00,93,88.8,74.74,5,10
M009,2025-01-02 00:35:00,144,85.32,87.1,15,9
M005,2025-01-02 00:36:00,142,80.96,70.0,3,6
M004,2025-01-02 00:37:00,86,84.25,87.34,4,5
M007,2025-01-02 00:38:00,168,84.33,82.89,3,4
M010,2025-01-02 00:39:00,50,73.62,72.69,3,4
M002,2025-01-02 00:40:00,62,65.94,78.46,18,2
M001,2025-01-02 00:41:00,131,75.93,80.07,8,5
M005,2025-01-02 00:42:00,164,60.58,89.63,9,8
M006,2025-01-02 00:43:00,170,62.75,71.41,3,7
M003,2025-01-02 00:44:00,188,78.76,94.3,6,7
M010,2025-01-02 00:45:00,138,87.97,96.61,11,1
M002,2025-01-02 00:46:00,92,69.32,93.04,8,2
M009,2025-01-02 00:47:00,94,72.01,87.59,2,1
M009,2025-01-02 00:48:00,137,73.94,98.71,15,1
M007,2025-01-02 00:49:00,193,72.37,85.53,8,2
M007,2025-01-02 00:50:00,133,64.05,97.64,8,3
M010,2025-01-02 00:51:00,87,85.91,88.0,14,7
M005,2025-01-02 00:52:00,198,67.34,72.57,2,7
M002,2025-01-02 00:53:00,196,61.0,88.11,15,1
M010,2025-01-02 00:54:00,196,83.23,92.49,10,7
M009,2025-01-02 00:55:00,200,73.14,81.4,7,4
M007,2025-01-02 00:56:00,198,63.63,96.02,19,7
M004,2025-01-02 00:57:00,160,61.32,92.23,3,7
M010,2025-01-02 00:58:00,107,79.93,83.56,17,6
M002,2025-01-02 00:59:00,93,67.28,79.78,1,9
M009,2025-01-02 01:00:00,139,80.43,82.03,16,1
M002,2025-01-02 01:01:00,72,72.11,84.0,8,3
M004,2025-01-02 01:02:00,132,77.3,73.64,0,4
M010,2025-01-02 01:03:00,148,83.76,70.65,12,10
M003,2025-01-02 01:04:00,83,84.1,72.04,6,10
M009,2025-01-02 01:05:00,84,70.75,92.54,2,3
M010,2025-01-02 01:06:00,110,87.75,91.25,15,2
M006,2025-01-02 01:07:00,164,79.16,88.68,15,10
M003,2025-01-02 01:08:00,196,82.66,70.63,17,5
M005,2025-01-02 01:09:00,140,72.65,70.77,6,3
M007,2025-01-02 01:10:00,191,74.58,88.82,10,3
M006,2025-01-02 01:11:00,190,69.33,70.36,1,4
M005,2025-01-02 01:12:00,144,64.12,82.04,14,3
M010,2025-01-02 01:13:00,167,67.58,74.17,5,0
M009,2025-01-02 01:14:00,131,65.08,79.91,15,7
M010,2025-01-02 01:15:00,113,67.19,83.73,13,6
M001,2025-01-02 01:16:00,65,69.1,77.66,1,2
M006,2025-01-02 01:17:00,73,77.21,77.0,6,10
M003,2025-01-02 01:18:00,138,72.28,83.94,7,6
M006,2025-01-02 01:19:00,162,78.96,79.43,1,3
M009,2025-01-02 01:20:00,112,60.49,70.4,4,9
M010,2025-01-02 01:21:00,181,72.4,94.81,19,5
M004,2025-01-02 01:22:00,89,84.34,95.84,20,10
M003,2025-01-02 01:23:00,180,61.69,87.34,8,2
M002,2025-01-02 01:24:00,153,79.12,78.31,17,9
M005,2025-01-02 01:25:00,158,71.59,81.74,11,8
M007,2025-01-02 01:26:00,110,88.57,97.99,3,10
M008,2025-01-02 01:27:00,151,66.46,83.57,10,6
M002,2025-01-02 01:28:00,179,64.78,91.74,1,1
M003,2025-01-02 01:29:00,181,75.31,70.38,7,1
M006,2025-01-02 01:30:00,186,61.84,77.98,18,4
M002,2025-01-02 01:31:00,59,81.12,90.08,14,2
M004,2025-01-02 01:32:00,129,71.38,90.68,15,2
M001,2025-01-02 01:33:00,138,87.89,85.9,18,7
M008,2025-01-02 01:34:00,199,62.29,92.29,11,4
M002,2025-01-02 01:35:00,101,82.08,88.85,7,8
M001,2025-01-02 01:36:00,115,75.84,90.16,11,4
M004,2025-01-02 01:37:00,117,70.4,94.16,19,10
M002,2025-01-02 01:38:00,95,70.4,74.14,20,5
M008,2025-01-02 01:39:00,194,72.56,72.26,7,6
M003,2025-01-02 01:40:00,149,76.7,91.05,13,0
M006,2025-01-02 01:41:00,171,69.67,83.05,7,9
M002,2025-01-02 01:42:00,188,74.97,74.03,3,0
M007,2025-01-02 01:43:00,124,66.86,88.6,13,7
M006,2025-01-02 01:44:00,75,66.63,88.86,11,3
M005,2025-01-02 01:45:00,91,83.79,90.3,0,3
M006,2025-01-02 01:46:00,162,66.19,82.23,14,2
M005,2025-01-02 01:47:00,116,71.62,79.29,1,8
M001,2025-01-02 01:48:00,133,82.84,86.81,14,1
M001,2025-01-02 01:49:00,156,81.99,80.25,15,5
M005,2025-01-02 01:50:00,99,87.41,72.13,14,10
M006,2025-01-02 01:51:00,181,63.99,88.9,11,4
M001,2025-01-02 01:52:00,144,68.83,72.3,9,8
M006,2025-01-02 01:53:00,174,65.52,75.2,12,8
M010,2025-01-02 01:54:00,97,89.62,81.45,14,8
M010,2025-01-02 01:55:00,100,72.96,75.0,8,9
M001,2025-01-02 01:56:00,70,66.09,79.57,6,4
M007,2025-01-02 01:57:00,55,80.4,92.53,3,2
M002,2025-01-02 01:58:00,75,88.23,80.07,1,4
M003,2025-01-02 01:59:00,167,66.63,77.32,16,7
M010,2025-01-02 02:00:00,134,60.12,78.98,4,9
M003,2025-01-02 02:01:00,165,72.82,92.42,18,0
M003,2025-01-02 02:02:00,193,85.34,86.71,19,4
M002,2025-01-02 02:03:00,73,83.53,95.74,16,4
M003,2025-01-02 02:04:00,77,61.1,93.55,7,0
M004,2025-01-02 02:05:00,171,68.99,90.42,14,9
M005,2025-01-02 02:06:00,163,70.11,72.54,11,3
M005,2025-01-02 02:07:00,114,78.16,91.98,9,2
M001,2025-01-02 02:08:00,148,77.35,87.55,16,5
M004,2025-01-02 02:09:00,143,83.91,76.91,11,10
M003,2025-01-02 02:10:00,64,66.89,93.11,9,0
M007,2025-01-02 02:11:00,166,76.02,88.95,0,9
M001,2025-01-02 02:12:00,136,70.66,89.12,17,4
M010,2025-01-02 02:13:00,116,78.24,72.27,0,7
M010,2025-01-02 02:14:00,186,85.0,78.88,4,6
M008,2025-01-02 02:15:00,76,69.42,73.68,0,5
M008,2025-01-02 02:16:00,126,64.29,97.88,7,8
M003,2025-01-02 02:17:00,174,64.62,74.35,9,6
M002,2025-01-02 02:18:00,59,67.57,89.48,19,9
M006,2025-01-02 02:19:00,161,69.44,99.16,8,7
M008,2025-01-02 02:20:00,56,84.95,71.81,11,3
M010,2025-01-02 02:21:00,87,83.68,96.58,9,9
M005,2025-01-02 02:22:00,174,76.22,87.32,15,4
M006,2025-01-02 02:23:00,123,60.38,82.51,7,4
M009,2025-01-02 02:24:00,133,85.84,97.22,13,9
M007,2025-01-02 02:25:00,114,67.89,93.61,1,3
M007,2025-01-02 02:26:00,91,76.02,87.82,15,0
M004,2025-01-02 02:27:00,59,84.56,98.02,6,7
M006,2025-01-02 02:28:00,198,79.92,97.56,19,2
M001,2025-01-02 02:29:00,84,89.94,94.24,1,1
M003,2025-01-02 02:30:00,183,62.36,75.71,0,5
M002,2025-01-02 02:31:00,152,76.12,85.77,0,2
M009,2025-01-02 02:32:00,176,77.75,97.99,4,8
M004,2025-01-02 02:33:00,57,77.13,97.76,13,10
M007,2025-01-02 02:34:00,59,71.12,92.84,5,7
M001,2025-01-02 02:35:00,108,72.14,72.83,13,7
M004,2025-01-02 02:36:00,66,88.8,89.71,16,10
M001,2025-01-02 02:37:00,156,64.99,88.39,17,3
M007,2025-01-02 02:38:00,154,72.57,91.06,2,4
M007,2025-01-02 02:39:00,98,72.56,85.99,20,2
M001,2025-01-02 02:40:00,185,83.91,90.88,15,4
M002,2025-01-02 02:41:00,115,81.15,83.53,5,10
M005,2025-01-02 02:42:00,133,61.43,72.0,4,8
M010,2025-01-02 02:43:00,151,63.16,91.73,10,8
M005,2025-01-02 02:44:00,187,74.86,79.33,12,5
M002,2025-01-02 02:45:00,113,70.09,72.04,11,4
M003,2025-01-02 02:46:00,187,69.24,79.84,20,10
M001,2025-01-02 02:47:00,115,74.12,93.01,10,2
M004,2025-01-02 02:48:00,179,66.23,77.76,3,6
M004,2025-01-02 02:49:00,188,72.71,71.73,2,5
M004,2025-01-02 02:50:00,52,84.47,74.25,6,8
M006,2025-01-02 02:51:00,60,61.35,79.09,15,3
M006,2025-01-02 02:52:00,128,83.44,71.43,4,6
M009,2025-01-02 02:53:00,95,68.7,88.96,14,3
M002,2025-01-02 02:54:00,121,64.34,78.96,13,10
M008,2025-01-02 02:55:00,181,66.31,73.74,1,5
M007,2025-01-02 02:56:00,154,64.53,77.48,8,10
M002,2025-01-02 02:57:00,190,62.61,86.06,5,7
M010,2025-01-02 02:58:00,67,64.01,86.89,20,2
M009,2025-01-02 02:59:00,137,64.45,77.89,8,0
M007,2025-01-02 03:00:00,128,72.0,74.21,20,1
M009,2025-01-02 03:01:00,185,84.2,78.52,8,3
M001,2025-01-02 03:02:00,89,69.66,99.17,0,5
M004,2025-01-02 03:03:00,110,74.6,81.46,10,2
M010,2025-01-02 03:04:00,138,76.31,99.64,10,5
M008,2025-01-02 03:05:00,73,79.85,81.62,16,8
M009,2025-01-02 03:06:00,113,79.66,84.79,14,3
M004,2025-01-02 03:07:00,156,68.3,98.66,16,8
M009,2025-01-02 03:08:00,57,81.58,84.33,0,6
M002,2025-01-02 03:09:00,186,78.29,81.7,12,3
M003,2025-01-02 03:10:00,189,63.9,92.81,19,4
M001,2025-01-02 03:11:00,142,71.7,79.18,3,3
M005,2025-01-02 03:12:00,120,71.14,95.38,8,9
M006,2025-01-02 03:13:00,75,83.22,97.5,3,6
M003,2025-01-02 03:14:00,63,84.65,97.93,15,5
M009,2025-01-02 03:15:00,199,69.91,85.49,14,9
M004,2025-01-02 03:16:00,145,67.48,90.91,16,10
M008,2025-01-02 03:17:00,197,76.47,95.13,6,7
M001,2025-01-02 03:18:00,87,62.79,98.33,4,1
M006,2025-01-02 03:19:00,87,76.08,79.36,0,4
M007,2025-01-02 03:20:00,149,73.12,90.24,9,0
M001,2025-01-02 03:21:00,175,79.15,91.48,1,1
M002,2025-01-02 03:22:00,95,78.27,88.79,14,7
M002,2025-01-02 03:23:00,51,80.95,79.54,4,3
M003,2025-01-02 03:24:00,125,65.38,71.84,0,5
M007,2025-01-02 03:25:00,66,86.07,79.57,16,6
M008,2025-01-02 03:26:00,133,83.14,72.14,5,3
M007,2025-01-02 03:27:00,69,72.93,91.79,11,9
M010,2025-01-02 03:28:00,108,80.58,87.08,2,0
M006,2025-01-02 03:29:00,114,80.07,82.01,9,2
M008,2025-01-02 03:30:00,123,79.25,77.38,18,8
M010,2025-01-02 03:31:00,113,78.87,80.99,7,1
M003,2025-01-02 03:32:00,116,60.99,80.02,11,10
M007,2025-01-02 03:33:00,179,63.2,86.26,14,10
M009,2025-01-02 03:34:00,69,70.89,98.64,11,5
M008,2025-01-02 03:35:00,195,71.86,95.26,14,6
M004,2025-01-02 03:36:00,59,65.94,71.72,3,0
M004,2025-01-02 03:37:00,170,85.29,80.7,7,1
M009,2025-01-02 03:38:00,144,64.52,74.0,0,1
M010,2025-01-02 03:39:00,77,88.05,77.64,10,8
M002,2025-01-02 03:40:00,151,62.42,96.05,15,4
M010,2025-01-02 03:41:00,118,63.16,81.17,20,3
M001,2025-01-02 03:42:00,86,79.19,70.85,0,7
M002,2025-01-02 03:43:00,134,72.44,96.15,16,7
M002,2025-01-02 03:44:00,76,69.84,97.26,8,7
M009,2025-01-02 03:45:00,134,87.93,77.44,11,3
M006,2025-01-02 03:46:00,80,77.04,93.68,17,4
M004,2025-01-02 03:47:00,194,87.9,71.88,15,1
M009,2025-01-02 03:48:00,116,88.43,90.88,4,10
M010,2025-01-02 03:49:00,114,67.02,90.56,13,5
M004,2025-01-02 03:50:00,85,74.29,89.75,17,5
M004,2025-01-02 03:51:00,79,64.57,84.27,10,8
M002,2025-01-02 03:52:00,123,88.88,94.16,8,4
M004,2025-01-02 03:53:00,139,74.81,93.58,4,3
M008,2025-01-02 03:54:00,136,69.7,97.03,7,6
M009,2025-01-02 03:55:00,145,89.71,79.45,18,7
M001,2025-01-02 03:56:00,131,81.14,79.56,4,5
M010,2025-01-02 03:57:00,55,82.83,99.25,20,8
M007,2025-01-02 03:58:00,179,73.74,78.97,14,5
M002,2025-01-02 03:59:00,52,74.14,76.56,15,0
M010,2025-01-02 04:00:00,64,75.1,81.11,6,0
M004,2025-01-02 04:01:00,90,84.64,99.15,3,0
M004,2025-01-02 04:02:00,96,60.56,99.24,14,10
M006,2025-01-02 04:03:00,119,61.83,70.53,5,0
M009,2025-01-02 04:04:00,87,72.8,74.2,1,9
M003,2025-01-02 04:05:00,179,60.28,73.87,1,10
M003,2025-01-02 04:06:00,173,70.36,99.52,0,8
M003,2025-01-02 04:07:00,56,69.66,75.01,10,3
M001,2025-01-02 04:08:00,163,89.76,96.26,10,6
M010,2025-01-02 04:09:00,127,80.86,76.1,20,7
M006,2025-01-02 04:10:00,89,77.23,88.44,11,0
M006,2025-01-02 04:11:00,182,87.4,73.71,19,4
M002,2025-01-02 04:12:00,173,76.21,78.35,18,5
M004,2025-01-02 04:13:00,61,80.26,97.78,5,6
M010,2025-01-02 04:14:00,169,65.18,78.48,7,0
M001,2025-01-02 04:15:00,92,72.35,77.98,10,1
M006,2025-01-02 04:16:00,195,73.84,91.92,20,2
M006,2025-01-02 04:17:00,60,75.87,86.13,16,2
M010,2025-01-02 04:18:00,151,88.43,75.79,16,0
M003,2025-01-02 04:19:00,52,87.77,97.53,15,1
M008,2025-01-02 04:20:00,192,70.74,81.84,6,6
M001,2025-01-02 04:21:00,123,83.07,75.74,18,1
M005,2025-01-02 04:22:00,79,86.7,94.9,4,5
M001,2025-01-02 04:23:00,191,84.15,78.21,1,9
M008,2025-01-02 04:24:00,182,62.93,94.81,1,8
M004,2025-01-02 04:25:00,116,73.81,82.55,17,3
M008,2025-01-02 04:26:00,180,69.29,84.85,8,10
M002,2025-01-02 04:27:00,145,69.32,96.02,3,4
M001,2025-01-02 04:28:00,106,72.23,91.64,4,10
M004,2025-01-02 04:29:00,63,64.52,90.17,11,0
M010,2025-01-02 04:30:00,166,83.97,88.45,18,3
M007,2025-01-02 04:31:00,79,76.08,75.67,19,10
M007,2025-01-02 04:32:00,149,88.35,84.24,18,9
M002,2025-01-02 04:33:00,110,68.31,75.96,19,7
M004,2025-01-02 04:34:00,132,73.55,77.07,20,10
M001,2025-01-02 04:35:00,173,88.05,97.23,16,9
M003,2025-01-02 04:36:00,77,72.05,72.11,1,0
M001,2025-01-02 04:37:00,130,79.48,74.69,1,1
M001,2025-01-02 04:38:00,108,83.84,89.04,18,2
M002,2025-01-02 04:39:00,108,65.86,84.89,7,0
M008,2025-01-02 04:40:00,83,60.31,72.64,13,9
M004,2025-01-02 04:41:00,78,72.14,93.45,0,0
M005,2025-01-02 04:42:00,101,63.33,98.74,8,7
M008,2025-01-02 04:43:00,194,69.68,74.71,11,5
M006,2025-01-02 04:44:00,132,83.25,84.22,5,7
M007,2025-01-02 04:45:00,187,90.0,81.95,18,7
M009,2025-01-02 04:46:00,192,78.98,95.31,19,4
M001,2025-01-02 04:47:00,118,66.74,70.1,15,10
M008,2025-01-02 04:48:00,82,85.47,93.35,17,2
M008,2025-01-02 04:49:00,194,86.47,97.01,18,8
M001,2025-01-02 04:50:00,97,85.48,99.49,11,10
M009,2025-01-02 04:51:00,67,87.59,82.7,15,10
M002,2025-01-02 04:52:00,184,75.87,74.33,0,3
M007,2025-01-02 04:53:00,195,78.01,97.15,0,2
M001,2025-01-02 04:54:00,151,88.96,73.77,8,3
M004,2025-01-02 04:55:00,81,74.6,84.71,18,0
M002,2025-01-02 04:56:00,122,82.24,79.19,4,7
M010,2025-01-02 04:57:00,138,63.46,81.31,3,0
M004,2025-01-02 04:58:00,164,70.24,87.89,1,0
M004,2025-01-02 04:59:00,184,72.1,95.14,19,10
M003,2025-01-02 05:00:00,102,78.29,71.64,4,2
M007,2025-01-02 05:01:00,111,85.35,90.88,14,1
M008,2025-01-02 05:02:00,164,86.29,99.75,9,9
M007,2025-01-02 05:03:00,128,61.13,84.58,19,8
M006,2025-01-02 05:04:00,54,61.38,95.54,16,4
M002,2025-01-02 05:05:00,198,87.08,97.89,8,5
M008,2025-01-02 05:06:00,132,80.42,77.33,3,0
M009,2025-01-02 05:07:00,168,66.75,91.84,9,10
M010,2025-01-02 05:08:00,57,75.9,92.28,11,1
M005,2025-01-02 05:09:00,162,89.22,74.7,19,9
M008,2025-01-02 05:10:00,98,85.68,73.9,4,9
M007,2025-01-02 05:11:00,52,83.22,73.42,0,7
M010,2025-01-02 05:12:00,72,66.78,92.2,15,2
M010,2025-01-02 05:13:00,151,64.02,72.21,5,1
M001,2025-01-02 05:14:00,177,88.69,76.98,14,4
M004,2025-01-02 05:15:00,109,84.91,83.02,2,1
M005,2025-01-02 05:16:00,182,70.56,89.07,20,6
M001,2025-01-02 05:17:00,66,61.3,86.68,12,9
M001,2025-01-02 05:18:00,95,69.02,79.92,12,9
M007,2025-01-02 05:19:00,122,75.18,73.75,13,9
M001,2025-01-02 05:20:00,128,76.39,70.73,20,10
M005,2025-01-02 05:21:00,169,76.59,80.17,14,6
M006,2025-01-02 05:22:00,150,84.33,71.38,2,0
M008,2025-01-02 05:23:00,120,63.25,70.61,14,4
M001,2025-01-02 05:24:00,116,75.62,77.41,19,3
M007,2025-01-02 05:25:00,78,77.29,71.52,20,2
M004,2025-01-02 05:26:00,85,65.99,71.31,20,9
M004,2025-01-02 05:27:00,155,67.63,89.47,19,8
M006,2025-01-02 05:28:00,109,61.38,73.18,8,7
M003,2025-01-02 05:29:00,190,68.12,94.89,0,7
M002,2025-01-02 05:30:00,79,78.87,88.45,3,4
M001,2025-01-02 05:31:00,89,80.27,88.68,4,6
M003,2025-01-02 05:32:00,191,88.75,77.33,0,5
M008,2025-01-02 05:33:00,200,75.57,99.74,11,1
M001,2025-01-02 05:34:00,184,62.53,73.15,1,1
M007,2025-01-02 05:35:00,137,62.1,82.39,19,2
M010,2025-01-02 05:36:00,64,89.14,83.72,7,10
M008,2025-01-02 05:37:00,137,73.45,85.86,4,3
M008,2025-01-02 05:38:00,70,87.03,97.95,0,5
M001,2025-01-02 05:39:00,53,64.6,81.46,3,0
M005,2025-01-02 05:40:00,84,63.26,96.18,1,5
M005,2025-01-02 05:41:00,187,68.06,90.26,7,8
M003,2025-01-02 05:42:00,80,69.0,79.71,3,7
M001,2025-01-02 05:43:00,143,69.85,93.49,12,0
M001,2025-01-02 05:44:00,63,79.9,78.77,20,6
M006,2025-01-02 05:45:00,83,78.74,72.44,3,4
M009,2025-01-02 05:46:00,172,65.08,77.12,18,5
M007,2025-01-02 05:47:00,116,72.1,97.8,11,3
M006,2025-01-02 05:48:00,97,73.43,92.18,1,1
M005,2025-01-02 05:49:00,147,69.65,82.47,6,5
M009,2025-01-02 05:50:00,136,89.01,79.92,15,1
M004,2025-01-02 05:51:00,62,73.77,88.55,16,2
M007,2025-01-02 05:52:00,104,62.12,96.13,1,1
M004,2025-01-02 05:53:00,146,75.33,93.79,3,9
M004,2025-01-02 05:54:00,132,70.08,88.14,3,7
M003,2025-01-02 05:55:00,191,68.39,90.87,17,0
M006,2025-01-02 05:56:00,157,71.19,87.93,18,6
M002,2025-01-02 05:57:00,84,76.33,95.23,7,7
M005,2025-01-02 05:58:00,166,62.97,99.44,9,4
M002,2025-01-02 05:59:00,165,66.34,83.81,8,2
M005,2025-01-02 06:00:00,101,67.82,87.06,0,9
M009,2025-01-02 06:01:00,182,73.76,83.37,2,9
M010,2025-01-02 06:02:00,159,75.32,74.43,19,4
M004,2025-01-02 06:03:00,165,81.51,77.29,6,8
M003,2025-01-02 06:04:00,144,60.87,96.45,5,7
M007,2025-01-02 06:05:00,125,87.0,97.31,4,4
M006,2025-01-02 06:06:00,132,66.56,92.99,11,0
M003,2025-01-02 06:07:00,129,71.8,84.71,1,4
M006,2025-01-02 06:08:00,72,73.3,71.02,3,0
M005,2025-01-02 06:09:00,116,72.65,76.68,5,7
M004,2025-01-02 06:10:00,78,66.83,78.57,2,7
M010,2025-01-02 06:11:00,145,71.19,92.44,1,1
M009,2025-01-02 06:12:00,70,85.29,90.68,18,10
M006,2025-01-02 06:13:00,139,68.33,97.43,12,1
M008,2025-01-02 06:14:00,112,66.47,70.42,20,4
M003,2025-01-02 06:15:00,115,66.43,95.63,2,6
M002,2025-01-02 06:16:00,170,67.39,98.49,10,7
M005,2025-01-02 06:17:00,51,81.65,95.01,0,0
M003,2025-01-02 06:18:00,107,88.79,78.27,17,2
M008,2025-01-02 06:19:00,56,64.38,86.25,19,4
M008,2025-01-02 06:20:00,102,67.13,77.31,15,0
M005,2025-01-02 06:21:00,54,80.65,87.47,3,10
M007,2025-01-02 06:22:00,108,82.44,91.45,6,7
M003,2025-01-02 06:23:00,116,83.39,80.68,16,10
M007,2025-01-02 06:24:00,159,68.17,78.18,20,1
M009,2025-01-02 06:25:00,69,67.61,92.78,2,9
M008,2025-01-02 06:26:00,182,66.95,93.91,19,1
M005,2025-01-02 06:27:00,75,77.21,84.88,7,4
M002,2025-01-02 06:28:00,164,63.48,81.42,12,4
M006,2025-01-02 06:29:00,183,75.97,89.19,17,4
M008,2025-01-02 06:30:00,130,85.65,76.64,10,1
M003,2025-01-02 06:31:00,157,70.64,75.77,6,9
M007,2025-01-02 06:32:00,100,87.04,81.44,13,5
M005,2025-01-02 06:33:00,151,78.79,80.77,3,3
M004,2025-01-02 06:34:00,168,74.56,91.87,2,1
M006,2025-01-02 06:35:00,198,85.78,92.9,1,3
M009,2025-01-02 06:36:00,86,74.06,95.05,1,8
M010,2025-01-02 06:37:00,197,62.2,82.13,15,10
M004,2025-01-02 06:38:00,168,75.42,72.17,15,5
M010,2025-01-02 06:39:00,139,87.38,78.93,9,5
M003,2025-01-02 06:40:00,113,68.22,91.17,3,6
M001,2025-01-02 06:41:00,71,63.35,75.22,11,3
M008,2025-01-02 06:42:00,124,88.42,80.43,10,8
M006,2025-01-02 06:43:00,100,60.96,90.06,17,4
M005,2025-01-02 06:44:00,160,88.19,72.14,8,1
M007,2025-01-02 06:45:00,123,81.48,96.76,4,4
M006,2025-01-02 06:46:00,120,87.93,75.33,2,1
M007,2025-01-02 06:47:00,88,81.42,90.61,20,4
M005,2025-01-02 06:48:00,78,66.92,80.09,6,1
M003,2025-01-02 06:49:00,76,80.75,84.83,17,9
M005,2025-01-02 06:50:00,180,71.53,95.78,20,3
M010,2025-01-02 06:51:00,71,61.79,99.88,2,4
M010,2025-01-02 06:52:00,131,62.94,70.2,9,7
M008,2025-01-02 06:53:00,96,66.48,90.15,14,5
M010,2025-01-02 06:54:00,109,77.05,95.96,8,9
M002,2025-01-02 06:55:00,176,82.93,81.94,13,2
M004,2025-01-02 06:56:00,122,67.72,98.82,8,9
M001,2025-01-02 06:57:00,199,77.42,89.06,11,0
M005,2025-01-02 06:58:00,170,78.01,74.21,0,3
M002,2025-01-02 06:59:00,150,86.26,99.86,18,7
M002,2025-01-02 07:00:00,120,89.85,85.14,4,8
M002,2025-01-02 07:01:00,108,65.67,79.55,18,5
M007,2025-01-02 07:02:00,180,76.47,98.15,15,2
M001,2025-01-02 07:03:00,155,61.74,84.84,3,7
M003,2025-01-02 07:04:00,53,82.46,100.0,8,9
M010,2025-01-02 07:05:00,166,80.51,81.99,16,0
M005,2025-01-02 07:06:00,59,67.55,87.45,0,2
M004,2025-01-02 07:07:00,121,85.74,71.38,15,6
M002,2025-01-02 07:08:00,142,82.62,70.96,20,2
M010,2025-01-02 07:09:00,75,89.33,77.35,7,4
M006,2025-01-02 07:10:00,121,89.48,86.62,1,8
M002,2025-01-02 07:11:00,150,75.3,86.07,8,2
M006,2025-01-02 07:12:00,156,86.24,99.4,13,8
M002,2025-01-02 07:13:00,173,61.85,97.45,8,7
M006,2025-01-02 07:14:00,92,88.5,79.78,5,7
M004,2025-01-02 07:15:00,63,85.62,91.69,18,0
M003,2025-01-02 07:16:00,161,84.51,96.31,11,7
M002,2025-01-02 07:17:00,126,67.26,73.68,14,8
M007,2025-01-02 07:18:00,199,88.29,90.39,1,3
M001,2025-01-02 07:19:00,183,87.43,87.93,18,1
M005,2025-01-02 07:20:00,88,67.17,78.04,3,10
M004,2025-01-02 07:21:00,69,80.39,77.01,15,0
M010,2025-01-02 07:22:00,194,80.05,86.84,11,0
M010,2025-01-02 07:23:00,59,67.69,98.99,7,8
M010,2025-01-02 07:24:00,120,81.71,97.6,19,9
M002,2025-01-02 07:25:00,197,70.99,84.11,2,9
M008,2025-01-02 07:26:00,193,69.37,74.16,3,6
M001,2025-01-02 07:27:00,146,68.42,74.84,14,0
M009,2025-01-02 07:28:00,85,81.66,81.89,9,9
M008,2025-01-02 07:29:00,141,68.79,84.48,10,3
M002,2025-01-02 07:30:00,172,78.11,87.28,20,1
M003,2025-01-02 07:31:00,103,62.95,79.82,6,0
M009,2025-01-02 07:32:00,180,63.35,78.31,5,0
M001,2025-01-02 07:33:00,181,74.05,87.55,9,3
M007,2025-01-02 07:34:00,160,65.01,78.59,8,9
M008,2025-01-02 07:35:00,101,70.62,96.25,17,9
M002,2025-01-02 07:36:00,119,66.33,92.56,16,2
M006,2025-01-02 07:37:00,166,64.06,97.33,10,5
M001,2025-01-02 07:38:00,65,82.54,88.55,16,10
M001,2025-01-02 07:39:00,76,83.66,86.94,0,10
M003,2025-01-02 07:40:00,151,77.88,98.37,19,3
M002,2025-01-02 07:41:00,182,60.22,73.93,0,7
M002,2025-01-02 07:42:00,169,75.01,78.58,14,9
M001,2025-01-02 07:43:00,89,78.16,74.1,17,3
M005,2025-01-02 07:44:00,190,89.49,99.99,10,4
M003,2025-01-02 07:45:00,130,85.68,90.04,6,8
M006,2025-01-02 07:46:00,167,74.67,83.49,15,4
M004,2025-01-02 07:47:00,112,71.38,83.33,3,7
M003,2025-01-02 07:48:00,118,71.48,74.59,15,10
M010,2025-01-02 07:49:00,107,80.45,84.56,3,10
M001,2025-01-02 07:50:00,120,74.9,79.58,7,1
M008,2025-01-02 07:51:00,160,70.17,77.92,8,6
M005,2025-01-02 07:52:00,200,82.27,91.77,6,8
M001,2025-01-02 07:53:00,139,70.13,72.58,15,4
M004,2025-01-02 07:54:00,181,62.48,82.6,4,4
M003,2025-01-02 07:55:00,165,85.48,85.69,3,9
M008,2025-01-02 07:56:00,195,75.91,90.08,10,4
M002,2025-01-02 07:57:00,185,81.31,78.93,14,6
M001,2025-01-02 07:58:00,195,74.05,73.22,3,0
M004,2025-01-02 07:59:00,113,75.35,91.0,17,3
M005,2025-01-02 08:00:00,172,69.51,98.88,8,7
M007,2025-01-02 08:01:00,101,86.57,86.86,6,2
M004,2025-01-02 08:02:00,146,86.43,87.58,7,10
M004,2025-01-02 08:03:00,66,82.83,80.93,8,9
M010,2025-01-02 08:04:00,84,79.56,78.27,15,7
M003,2025-01-02 08:05:00,92,77.62,85.85,3,10
M010,2025-01-02 08:06:00,117,69.45,75.51,8,4
M009,2025-01-02 08:07:00,89,80.54,76.1,8,6
M006,2025-01-02 08:08:00,173,70.85,71.35,19,5
M001,2025-01-02 08:09:00,81,61.61,84.48,18,4
M004,2025-01-02 08:10:00,84,71.68,77.26,19,9
M006,2025-01-02 08:11:00,75,78.39,84.32,14,2
M007,2025-01-02 08:12:00,190,69.13,88.11,7,0
M004,2025-01-02 08:13:00,195,87.54,81.5,14,1
M005,2025-01-02 08:14:00,98,85.13,71.59,16,2
M007,2025-01-02 08:15:00,61,88.62,78.17,0,0
M009,2025-01-02 08:16:00,139,87.58,81.93,9,5
M006,2025-01-02 08:17:00,173,69.82,71.33,16,7
M008,2025-01-02 08:18:00,132,86.28,97.93,6,0
M009,2025-01-02 08:19:00,108,61.46,77.01,14,3
M009,2025-01-02 08:20:00,83,71.54,89.15,10,7
M004,2025-01-02 08:21:00,164,76.4,85.56,11,2
M004,2025-01-02 08:22:00,132,85.69,76.96,14,0
M009,2025-01-02 08:23:00,168,63.21,83.94,9,4
M001,2025-01-02 08:24:00,89,86.29,88.12,8,5
M008,2025-01-02 08:25:00,63,76.43,79.24,9,9
M010,2025-01-02 08:26:00,157,83.78,80.83,4,0
M009,2025-01-02 08:27:00,197,88.27,88.37,3,4
M010,2025-01-02 08:28:00,149,88.83,95.26,19,4
M003,2025-01-02 08:29:00,142,85.53,78.8,4,0
M010,2025-01-02 08:30:00,72,65.95,74.61,17,8
M002,2025-01-02 08:31:00,187,76.34,94.88,8,9
M010,2025-01-02 08:32:00,172,83.65,79.66,15,6
M008,2025-01-02 08:33:00,198,60.4,80.7,15,7
M001,2025-01-02 08:34:00,177,65.82,76.85,17,4
M005,2025-01-02 08:35:00,165,70.95,93.21,17,6
M003,2025-01-02 08:36:00,157,87.75,90.3,8,2
M007,2025-01-02 08:37:00,193,82.7,96.56,8,6
M006,2025-01-02 08:38:00,167,62.24,83.82,17,4
M007,2025-01-02 08:39:00,179,80.5,80.04,3,7
M006,2025-01-02 08:40:00,104,84.84,78.59,20,7
M007,2025-01-02 08:41:00,139,61.94,79.87,2,7
M001,2025-01-02 08:42:00,184,83.95,89.91,17,10
M004,2025-01-02 08:43:00,150,86.34,86.97,6,8
M005,2025-01-02 08:44:00,157,77.72,88.45,9,9
M008,2025-01-02 08:45:00,52,61.03,81.03,15,10
M009,2025-01-02 08:46:00,133,65.88,92.2,20,3
M010,2025-01-02 08:47:00,168,62.3,82.5,17,0
M010,2025-01-02 08:48:00,99,87.7,75.48,16,9
M007,2025-01-02 08:49:00,181,83.94,88.86,1,1
M006,2025-01-02 08:50:00,84,77.15,70.14,12,5
M009,2025-01-02 08:51:00,140,73.21,95.11,9,4
M004,2025-01-02 08:52:00,198,73.41,95.09,0,7
M004,2025-01-02 08:53:00,111,81.16,93.96,17,0
M010,2025-01-02 08:54:00,199,87.18,76.45,0,8
M005,2025-01-02 08:55:00,86,88.93,76.78,15,5
M008,2025-01-02 08:56:00,126,89.72,94.06,14,2
M009,2025-01-02 08:57:00,88,85.11,93.7,4,1
M008,2025-01-02 08:58:00,100,89.9,99.05,17,9
M007,2025-01-02 08:59:00,94,79.34,84.3,4,1
M007,2025-01-02 09:00:00,55,70.61,97.72,8,4
M006,2025-01-02 09:01:00,177,63.74,95.66,2,5
M003,2025-01-02 09:02:00,70,71.93,84.56,19,3
M001,2025-01-02 09:03:00,85,86.39,86.64,5,4
M008,2025-01-02 09:04:00,112,71.13,81.8,18,10
M007,2025-01-02 09:05:00,66,75.16,87.9,7,6
M001,2025-01-02 09:06:00,61,62.32,85.32,13,3
M004,2025-01-02 09:07:00,180,83.48,93.69,16,3
M007,2025-01-02 09:08:00,198,85.52,79.05,15,5
M010,2025-01-02 09:09:00,147,66.9,86.6,15,1
M009,2025-01-02 09:10:00,129,77.33,80.46,14,2
M005,2025-01-02 09:11:00,60,85.89,85.69,1,5
M001,2025-01-02 09:12:00,135,73.67,77.48,14,2
M006,2025-01-02 09:13:00,82,67.65,98.04,16,3
M007,2025-01-02 09:14:00,146,60.43,95.86,2,6
M005,2025-01-02 09:15:00,80,77.02,81.54,20,2
M009,2025-01-02 09:16:00,115,73.9,79.85,13,5
M008,2025-01-02 09:17:00,168,65.8,82.43,17,9
M009,2025-01-02 09:18:00,146,72.49,78.23,20,10
M010,2025-01-02 09:19:00,198,63.42,92.51,18,1
